vm_id,filename,population,temporal_split,eligibility,eligibility_reason,trace_type,data_availability_stratum
1,1.csv,development,development_70_15_15,True,ELIGIBLE,Type A,Q4_high
2,2.csv,unseen,inference_only,True,ELIGIBLE,Type B,Q1_low
3,3.csv,development,development_70_15_15,True,ELIGIBLE,Type A,Q3_med_high
4,4.csv,development,development_70_15_15,True,ELIGIBLE,Type B,Q1_low
5,5.csv,development,development_70_15_15,True,ELIGIBLE,Type B,Q1_low
6,6.csv,development,development_70_15_15,True,ELIGIBLE,Type B,Q1_low
7,7.csv,development,development_70_15_15,True,ELIGIBLE,Type B,Q1_low
8,8.csv,development,development_70_15_15,True,ELIGIBLE,Type B,Q1_low
9,9.csv,development,development_70_15_15,True,ELIGIBLE,Type B,Q1_low
10,10.csv,development,development_70_15_15,True,ELIGIBLE,Type B,Q1_low
11,11.csv,unseen,inference_only,True,ELIGIBLE,Type A,Q4_high
12,12.csv,development,development_70_15_15,True,ELIGIBLE,Type A,Q4_high
13,13.csv,development,development_70_15_15,True,ELIGIBLE,Type A,Q4_high
14,14.csv,unseen,inference_only,True,ELIGIBLE,Type B,Q1_low
15,15.csv,development,development_70_15_15,True,ELIGIBLE,Type A,Q3_med_high
16,16.csv,development,development_70_15_15,True,ELIGIBLE,Type B,Q1_low
17,17.csv,development,development_70_15_15,True,ELIGIBLE,Type A,Q4_high
18,18.csv,development,development_70_15_15,True,ELIGIBLE,Type B,Q1_low
19,19.csv,development,development_70_15_15,True,ELIGIBLE,Type B,Q1_low
20,20.csv,development,development_70_15_15,True,ELIGIBLE,Type A,Q1_low
21,21.csv,unseen,inference_only,True,ELIGIBLE,Type A,Q4_high
22,22.csv,development,development_70_15_15,True,ELIGIBLE,Type A,Q4_high
23,23.csv,development,development_70_15_15,True,ELIGIBLE,Type A,Q3_med_high
24,24.csv,development,development_70_15_15,True,ELIGIBLE,Type A,Q1_low
25,25.csv,development,development_70_15_15,True,ELIGIBLE,Type A,Q1_low
26,26.csv,development,development_70_15_15,True,ELIGIBLE,Type A,Q2_med_low
27,27.csv,development,development_70_15_15,True,ELIGIBLE,Type A,Q3_med_high
28,28.csv,unseen,inference_only,True,ELIGIBLE,Type A,Q3_med_high
29,29.csv,development,development_70_15_15,True,ELIGIBLE,Type A,Q4_high
30,30.csv,unseen,inference_only,True,ELIGIBLE,Type A,Q4_high
31,31.csv,development,development_70_15_15,True,ELIGIBLE,Type A,Q2_med_low
32,32.csv,development,development_70_15_15,True,ELIGIBLE,Type A,Q1_low
33,33.csv,development,development_70_15_15,True,ELIGIBLE,Type A,Q2_med_low
34,34.csv,development,development_70_15_15,True,ELIGIBLE,Type A,Q1_low
35,35.csv,development,development_70_15_15,True,ELIGIBLE,Type A,Q2_med_low
36,36.csv,development,development_70_15_15,True,ELIGIBLE,Type A,Q2_med_low
37,37.csv,development,development_70_15_15,True,ELIGIBLE,Type A,Q4_high
38,38.csv,development,development_70_15_15,True,ELIGIBLE,Type A,Q3_med_high
39,39.csv,unseen,inference_only,True,ELIGIBLE,Type A,Q3_med_high
40,40.csv,development,development_70_15_15,True,ELIGIBLE,Type A,Q1_low
41,41.csv,development,development_70_15_15,True,ELIGIBLE,Type A,Q1_low
42,42.csv,development,development_70_15_15,True,ELIGIBLE,Type A,Q3_med_high
43,43.csv,unseen,inference_only,True,ELIGIBLE,Type A,Q4_high
44,44.csv,development,development_70_15_15,True,ELIGIBLE,Type A,Q3_med_high
45,45.csv,development,development_70_15_15,True,ELIGIBLE,Type A,Q4_high
46,46.csv,development,development_70_15_15,True,ELIGIBLE,Type A,Q4_high
47,47.csv,development,development_70_15_15,True,ELIGIBLE,Type A,Q3_med_high
48,48.csv,development,development_70_15_15,True,ELIGIBLE,Type A,Q1_low
49,49.csv,unseen,inference_only,True,ELIGIBLE,Type A,Q3_med_high
50,50.csv,development,development_70_15_15,True,ELIGIBLE,Type A,Q3_med_high
51,51.csv,development,development_70_15_15,True,ELIGIBLE,Type A,Q3_med_high
52,52.csv,development,development_70_15_15,True,ELIGIBLE,Type A,Q1_low
53,53.csv,development,development_70_15_15,True,ELIGIBLE,Type A,Q1_low
54,54.csv,development,development_70_15_15,True,ELIGIBLE,Type A,Q4_high
55,55.csv,development,development_70_15_15,True,ELIGIBLE,Type A,Q4_high
56,56.csv,development,development_70_15_15,True,ELIGIBLE,Type A,Q3_med_high
57,57.csv,unseen,inference_only,True,ELIGIBLE,Type A,Q2_med_low
58,58.csv,development,development_70_15_15,True,ELIGIBLE,Type A,Q2_med_low
59,59.csv,excluded,excluded,False,ACTIVE_DURATION_UNDER_25H (25 steps < 300),Transient,excluded
60,60.csv,development,development_70_15_15,True,ELIGIBLE,Type A,Q4_high
61,61.csv,development,development_70_15_15,True,ELIGIBLE,Type B,Q1_low
62,62.csv,development,development_70_15_15,True,ELIGIBLE,Type A,Q3_med_high
63,63.csv,development,development_70_15_15,True,ELIGIBLE,Type A,Q3_med_high
64,64.csv,development,development_70_15_15,True,ELIGIBLE,Type A,Q3_med_high
65,65.csv,development,development_70_15_15,True,ELIGIBLE,Type A,Q3_med_high
66,66.csv,unseen,inference_only,True,ELIGIBLE,Type A,Q3_med_high
67,67.csv,unseen,inference_only,True,ELIGIBLE,Type A,Q2_med_low
68,68.csv,unseen,inference_only,True,ELIGIBLE,Type B,Q2_med_low
69,69.csv,development,development_70_15_15,True,ELIGIBLE,Type A,Q3_med_high
70,70.csv,unseen,inference_only,True,ELIGIBLE,Type A,Q2_med_low
71,71.csv,development,development_70_15_15,True,ELIGIBLE,Type A,Q2_med_low
72,72.csv,development,development_70_15_15,True,ELIGIBLE,Type B,Q1_low
73,73.csv,unseen,inference_only,True,ELIGIBLE,Type B,Q1_low
74,74.csv,unseen,inference_only,True,ELIGIBLE,Type A,Q3_med_high
75,75.csv,development,development_70_15_15,True,ELIGIBLE,Type A,Q1_low
76,76.csv,development,development_70_15_15,True,ELIGIBLE,Type A,Q1_low
77,77.csv,development,development_70_15_15,True,ELIGIBLE,Type A,Q2_med_low
78,78.csv,development,development_70_15_15,True,ELIGIBLE,Type A,Q2_med_low
79,79.csv,unseen,inference_only,True,ELIGIBLE,Type A,Q1_low
80,80.csv,development,development_70_15_15,True,ELIGIBLE,Type A,Q2_med_low
81,81.csv,development,development_70_15_15,True,ELIGIBLE,Type A,Q3_med_high
82,82.csv,unseen,inference_only,True,ELIGIBLE,Type B,Q1_low
83,83.csv,development,development_70_15_15,True,ELIGIBLE,Type A,Q1_low
84,84.csv,development,development_70_15_15,True,ELIGIBLE,Type A,Q1_low
85,85.csv,development,development_70_15_15,True,ELIGIBLE,Type A,Q2_med_low
86,86.csv,development,development_70_15_15,True,ELIGIBLE,Type A,Q3_med_high
87,87.csv,development,development_70_15_15,True,ELIGIBLE,Type A,Q1_low
88,88.csv,development,development_70_15_15,True,ELIGIBLE,Type A,Q4_high
89,89.csv,unseen,inference_only,True,ELIGIBLE,Type A,Q4_high
90,90.csv,development,development_70_15_15,True,ELIGIBLE,Type A,Q4_high
91,91.csv,development,development_70_15_15,True,ELIGIBLE,Type A,Q4_high
92,92.csv,unseen,inference_only,True,ELIGIBLE,Type A,Q4_high
93,93.csv,unseen,inference_only,True,ELIGIBLE,Type A,Q2_med_low
94,94.csv,development,development_70_15_15,True,ELIGIBLE,Type B,Q1_low
95,95.csv,unseen,inference_only,True,ELIGIBLE,Type A,Q1_low
96,96.csv,development,development_70_15_15,True,ELIGIBLE,Type A,Q1_low
97,97.csv,development,development_70_15_15,True,ELIGIBLE,Type B,Q1_low
98,98.csv,unseen,inference_only,True,ELIGIBLE,Type A,Q1_low
99,99.csv,development,development_70_15_15,True,ELIGIBLE,Type A,Q2_med_low
100,100.csv,development,development_70_15_15,True,ELIGIBLE,Type B,Q2_med_low
101,101.csv,development,development_70_15_15,True,ELIGIBLE,Type B,Q2_med_low
102,102.csv,development,development_70_15_15,True,ELIGIBLE,Type A,Q2_med_low
103,103.csv,unseen,inference_only,True,ELIGIBLE,Type B,Q2_med_low
104,104.csv,development,development_70_15_15,True,ELIGIBLE,Type B,Q2_med_low
105,105.csv,development,development_70_15_15,True,ELIGIBLE,Type A,Q1_low
106,106.csv,unseen,inference_only,True,ELIGIBLE,Type A,Q1_low
107,107.csv,unseen,inference_only,True,ELIGIBLE,Type A,Q2_med_low
108,108.csv,development,development_70_15_15,True,ELIGIBLE,Type A,Q1_low
109,109.csv,unseen,inference_only,True,ELIGIBLE,Type A,Q1_low
110,110.csv,development,development_70_15_15,True,ELIGIBLE,Type A,Q2_med_low
111,111.csv,unseen,inference_only,True,ELIGIBLE,Type A,Q3_med_high
112,112.csv,development,development_70_15_15,True,ELIGIBLE,Type A,Q1_low
113,113.csv,unseen,inference_only,True,ELIGIBLE,Type A,Q1_low
114,114.csv,development,development_70_15_15,True,ELIGIBLE,Type A,Q2_med_low
115,115.csv,development,development_70_15_15,True,ELIGIBLE,Type A,Q1_low
116,116.csv,development,development_70_15_15,True,ELIGIBLE,Type A,Q3_med_high
117,117.csv,development,development_70_15_15,True,ELIGIBLE,Type A,Q3_med_high
118,118.csv,development,development_70_15_15,True,ELIGIBLE,Type A,Q1_low
119,119.csv,unseen,inference_only,True,ELIGIBLE,Type A,Q3_med_high
120,120.csv,unseen,inference_only,True,ELIGIBLE,Type A,Q2_med_low
121,121.csv,development,development_70_15_15,True,ELIGIBLE,Type A,Q1_low
122,122.csv,development,development_70_15_15,True,ELIGIBLE,Type A,Q2_med_low
123,123.csv,development,development_70_15_15,True,ELIGIBLE,Type A,Q1_low
124,124.csv,development,development_70_15_15,True,ELIGIBLE,Type A,Q3_med_high
125,125.csv,development,development_70_15_15,True,ELIGIBLE,Type A,Q1_low
126,126.csv,development,development_70_15_15,True,ELIGIBLE,Type A,Q1_low
127,127.csv,development,development_70_15_15,True,ELIGIBLE,Type A,Q2_med_low
128,128.csv,unseen,inference_only,True,ELIGIBLE,Type A,Q2_med_low
129,129.csv,unseen,inference_only,True,ELIGIBLE,Type A,Q2_med_low
130,130.csv,unseen,inference_only,True,ELIGIBLE,Type A,Q1_low
131,131.csv,development,development_70_15_15,True,ELIGIBLE,Type A,Q3_med_high
132,132.csv,development,development_70_15_15,True,ELIGIBLE,Type A,Q3_med_high
133,133.csv,development,development_70_15_15,True,ELIGIBLE,Type A,Q2_med_low
134,134.csv,development,development_70_15_15,True,ELIGIBLE,Type A,Q1_low
135,135.csv,development,development_70_15_15,True,ELIGIBLE,Type A,Q3_med_high
136,136.csv,development,development_70_15_15,True,ELIGIBLE,Type A,Q2_med_low
137,137.csv,development,development_70_15_15,True,ELIGIBLE,Type A,Q2_med_low
138,138.csv,development,development_70_15_15,True,ELIGIBLE,Type A,Q3_med_high
139,139.csv,development,development_70_15_15,True,ELIGIBLE,Type A,Q3_med_high
140,140.csv,unseen,inference_only,True,ELIGIBLE,Type A,Q3_med_high
141,141.csv,development,development_70_15_15,True,ELIGIBLE,Type A,Q4_high
142,142.csv,development,development_70_15_15,True,ELIGIBLE,Type A,Q4_high
143,143.csv,unseen,inference_only,True,ELIGIBLE,Type A,Q2_med_low
144,144.csv,unseen,inference_only,True,ELIGIBLE,Type A,Q2_med_low
145,145.csv,development,development_70_15_15,True,ELIGIBLE,Type A,Q2_med_low
146,146.csv,unseen,inference_only,True,ELIGIBLE,Type A,Q2_med_low
147,147.csv,development,development_70_15_15,True,ELIGIBLE,Type A,Q2_med_low
148,148.csv,development,development_70_15_15,True,ELIGIBLE,Type A,Q2_med_low
149,149.csv,development,development_70_15_15,True,ELIGIBLE,Type A,Q1_low
150,150.csv,development,development_70_15_15,True,ELIGIBLE,Type B,Q4_high
151,151.csv,development,development_70_15_15,True,ELIGIBLE,Type A,Q2_med_low
152,152.csv,development,development_70_15_15,True,ELIGIBLE,Type A,Q1_low
153,153.csv,development,development_70_15_15,True,ELIGIBLE,Type A,Q1_low
154,154.csv,development,development_70_15_15,True,ELIGIBLE,Type A,Q1_low
155,155.csv,development,development_70_15_15,True,ELIGIBLE,Type A,Q2_med_low
156,156.csv,development,development_70_15_15,True,ELIGIBLE,Type A,Q1_low
157,157.csv,development,development_70_15_15,True,ELIGIBLE,Type A,Q1_low
158,158.csv,development,development_70_15_15,True,ELIGIBLE,Type A,Q1_low
159,159.csv,development,development_70_15_15,True,ELIGIBLE,Type A,Q1_low
160,160.csv,development,development_70_15_15,True,ELIGIBLE,Type A,Q1_low
161,161.csv,excluded,excluded,False,ACTIVE_DURATION_UNDER_25H (31 steps < 300),Transient,excluded
162,162.csv,excluded,excluded,False,ACTIVE_DURATION_UNDER_25H (14 steps < 300),Transient,excluded
163,163.csv,development,development_70_15_15,True,ELIGIBLE,Type A,Q1_low
164,164.csv,development,development_70_15_15,True,ELIGIBLE,Type A,Q2_med_low
165,165.csv,development,development_70_15_15,True,ELIGIBLE,Type A,Q3_med_high
166,166.csv,development,development_70_15_15,True,ELIGIBLE,Type A,Q1_low
167,167.csv,development,development_70_15_15,True,ELIGIBLE,Type A,Q2_med_low
168,168.csv,development,development_70_15_15,True,ELIGIBLE,Type B,Q1_low
169,169.csv,unseen,inference_only,True,ELIGIBLE,Type A,Q4_high
170,170.csv,development,development_70_15_15,True,ELIGIBLE,Type A,Q3_med_high
171,171.csv,development,development_70_15_15,True,ELIGIBLE,Type A,Q4_high
172,172.csv,unseen,inference_only,True,ELIGIBLE,Type A,Q1_low
173,173.csv,development,development_70_15_15,True,ELIGIBLE,Type A,Q2_med_low
174,174.csv,development,development_70_15_15,True,ELIGIBLE,Type B,Q4_high
175,175.csv,development,development_70_15_15,True,ELIGIBLE,Type A,Q2_med_low
176,176.csv,unseen,inference_only,True,ELIGIBLE,Type A,Q3_med_high
177,177.csv,development,development_70_15_15,True,ELIGIBLE,Type A,Q4_high
178,178.csv,development,development_70_15_15,True,ELIGIBLE,Type A,Q3_med_high
179,179.csv,unseen,inference_only,True,ELIGIBLE,Type B,Q1_low
180,180.csv,development,development_70_15_15,True,ELIGIBLE,Type B,Q1_low
181,181.csv,development,development_70_15_15,True,ELIGIBLE,Type A,Q2_med_low
182,182.csv,development,development_70_15_15,True,ELIGIBLE,Type A,Q2_med_low
183,183.csv,development,development_70_15_15,True,ELIGIBLE,Type B,Q4_high
184,184.csv,development,development_70_15_15,True,ELIGIBLE,Type B,Q4_high
185,185.csv,development,development_70_15_15,True,ELIGIBLE,Type B,Q4_high
186,186.csv,development,development_70_15_15,True,ELIGIBLE,Type B,Q3_med_high
187,187.csv,development,development_70_15_15,True,ELIGIBLE,Type B,Q4_high
188,188.csv,development,development_70_15_15,True,ELIGIBLE,Type B,Q3_med_high
189,189.csv,unseen,inference_only,True,ELIGIBLE,Type B,Q4_high
190,190.csv,development,development_70_15_15,True,ELIGIBLE,Type B,Q4_high
191,191.csv,development,development_70_15_15,True,ELIGIBLE,Type B,Q4_high
192,192.csv,development,development_70_15_15,True,ELIGIBLE,Type B,Q4_high
193,193.csv,unseen,inference_only,True,ELIGIBLE,Type B,Q4_high
194,194.csv,development,development_70_15_15,True,ELIGIBLE,Type B,Q4_high
195,195.csv,unseen,inference_only,True,ELIGIBLE,Type B,Q4_high
196,196.csv,development,development_70_15_15,True,ELIGIBLE,Type B,Q4_high
197,197.csv,development,development_70_15_15,True,ELIGIBLE,Type B,Q3_med_high
198,198.csv,development,development_70_15_15,True,ELIGIBLE,Type B,Q4_high
199,199.csv,development,development_70_15_15,True,ELIGIBLE,Type B,Q4_high
200,200.csv,development,development_70_15_15,True,ELIGIBLE,Type B,Q3_med_high
201,201.csv,development,development_70_15_15,True,ELIGIBLE,Type B,Q4_high
202,202.csv,development,development_70_15_15,True,ELIGIBLE,Type B,Q4_high
203,203.csv,development,development_70_15_15,True,ELIGIBLE,Type B,Q4_high
204,204.csv,development,development_70_15_15,True,ELIGIBLE,Type B,Q4_high
205,205.csv,unseen,inference_only,True,ELIGIBLE,Type B,Q4_high
206,206.csv,unseen,inference_only,True,ELIGIBLE,Type B,Q4_high
207,207.csv,development,development_70_15_15,True,ELIGIBLE,Type B,Q4_high
208,208.csv,development,development_70_15_15,True,ELIGIBLE,Type B,Q3_med_high
209,209.csv,development,development_70_15_15,True,ELIGIBLE,Type A,Q1_low
210,210.csv,development,development_70_15_15,True,ELIGIBLE,Type B,Q3_med_high
211,211.csv,unseen,inference_only,True,ELIGIBLE,Type A,Q1_low
212,212.csv,development,development_70_15_15,True,ELIGIBLE,Type B,Q4_high
213,213.csv,unseen,inference_only,True,ELIGIBLE,Type A,Q1_low
214,214.csv,development,development_70_15_15,True,ELIGIBLE,Type B,Q4_high
215,215.csv,development,development_70_15_15,True,ELIGIBLE,Type B,Q4_high
216,216.csv,development,development_70_15_15,True,ELIGIBLE,Type B,Q4_high
217,217.csv,development,development_70_15_15,True,ELIGIBLE,Type B,Q3_med_high
218,218.csv,development,development_70_15_15,True,ELIGIBLE,Type B,Q4_high
219,219.csv,development,development_70_15_15,True,ELIGIBLE,Type A,Q1_low
220,220.csv,development,development_70_15_15,True,ELIGIBLE,Type A,Q1_low
221,221.csv,development,development_70_15_15,True,ELIGIBLE,Type A,Q1_low
222,222.csv,development,development_70_15_15,True,ELIGIBLE,Type A,Q1_low
223,223.csv,development,development_70_15_15,True,ELIGIBLE,Type A,Q1_low
224,224.csv,development,development_70_15_15,True,ELIGIBLE,Type A,Q1_low
225,225.csv,unseen,inference_only,True,ELIGIBLE,Type A,Q1_low
226,226.csv,development,development_70_15_15,True,ELIGIBLE,Type A,Q1_low
227,227.csv,development,development_70_15_15,True,ELIGIBLE,Type A,Q1_low
228,228.csv,development,development_70_15_15,True,ELIGIBLE,Type A,Q1_low
229,229.csv,development,development_70_15_15,True,ELIGIBLE,Type A,Q1_low
230,230.csv,unseen,inference_only,True,ELIGIBLE,Type A,Q1_low
231,231.csv,development,development_70_15_15,True,ELIGIBLE,Type A,Q1_low
232,232.csv,development,development_70_15_15,True,ELIGIBLE,Type A,Q1_low
233,233.csv,development,development_70_15_15,True,ELIGIBLE,Type A,Q1_low
234,234.csv,development,development_70_15_15,True,ELIGIBLE,Type A,Q1_low
235,235.csv,development,development_70_15_15,True,ELIGIBLE,Type A,Q1_low
236,236.csv,development,development_70_15_15,True,ELIGIBLE,Type A,Q1_low
237,237.csv,development,development_70_15_15,True,ELIGIBLE,Type A,Q1_low
238,238.csv,development,development_70_15_15,True,ELIGIBLE,Type A,Q1_low
239,239.csv,development,development_70_15_15,True,ELIGIBLE,Type A,Q1_low
240,240.csv,development,development_70_15_15,True,ELIGIBLE,Type A,Q1_low
241,241.csv,development,development_70_15_15,True,ELIGIBLE,Type A,Q2_med_low
242,242.csv,unseen,inference_only,True,ELIGIBLE,Type A,Q2_med_low
243,243.csv,development,development_70_15_15,True,ELIGIBLE,Type A,Q2_med_low
244,244.csv,development,development_70_15_15,True,ELIGIBLE,Type A,Q2_med_low
245,245.csv,development,development_70_15_15,True,ELIGIBLE,Type A,Q2_med_low
246,246.csv,development,development_70_15_15,True,ELIGIBLE,Type A,Q2_med_low
247,247.csv,development,development_70_15_15,True,ELIGIBLE,Type A,Q2_med_low
248,248.csv,development,development_70_15_15,True,ELIGIBLE,Type A,Q3_med_high
249,249.csv,development,development_70_15_15,True,ELIGIBLE,Type A,Q1_low
250,250.csv,development,development_70_15_15,True,ELIGIBLE,Type A,Q2_med_low
251,251.csv,unseen,inference_only,True,ELIGIBLE,Type A,Q2_med_low
252,252.csv,development,development_70_15_15,True,ELIGIBLE,Type A,Q1_low
253,253.csv,development,development_70_15_15,True,ELIGIBLE,Type A,Q3_med_high
254,254.csv,development,development_70_15_15,True,ELIGIBLE,Type A,Q1_low
255,255.csv,development,development_70_15_15,True,ELIGIBLE,Type A,Q2_med_low
256,256.csv,unseen,inference_only,True,ELIGIBLE,Type A,Q2_med_low
257,257.csv,development,development_70_15_15,True,ELIGIBLE,Type A,Q1_low
258,258.csv,development,development_70_15_15,True,ELIGIBLE,Type A,Q2_med_low
259,259.csv,development,development_70_15_15,True,ELIGIBLE,Type A,Q2_med_low
260,260.csv,development,development_70_15_15,True,ELIGIBLE,Type A,Q2_med_low
261,261.csv,unseen,inference_only,True,ELIGIBLE,Type A,Q1_low
262,262.csv,development,development_70_15_15,True,ELIGIBLE,Type A,Q1_low
263,263.csv,unseen,inference_only,True,ELIGIBLE,Type A,Q2_med_low
264,264.csv,development,development_70_15_15,True,ELIGIBLE,Type A,Q1_low
265,265.csv,development,development_70_15_15,True,ELIGIBLE,Type A,Q1_low
266,266.csv,development,development_70_15_15,True,ELIGIBLE,Type A,Q2_med_low
267,267.csv,development,development_70_15_15,True,ELIGIBLE,Type A,Q2_med_low
268,268.csv,unseen,inference_only,True,ELIGIBLE,Type A,Q3_med_high
269,269.csv,unseen,inference_only,True,ELIGIBLE,Type A,Q3_med_high
270,270.csv,development,development_70_15_15,True,ELIGIBLE,Type A,Q3_med_high
271,271.csv,development,development_70_15_15,True,ELIGIBLE,Type A,Q3_med_high
272,272.csv,unseen,inference_only,True,ELIGIBLE,Type A,Q3_med_high
273,273.csv,unseen,inference_only,True,ELIGIBLE,Type A,Q3_med_high
274,274.csv,development,development_70_15_15,True,ELIGIBLE,Type A,Q2_med_low
275,275.csv,development,development_70_15_15,True,ELIGIBLE,Type A,Q2_med_low
276,276.csv,development,development_70_15_15,True,ELIGIBLE,Type A,Q3_med_high
277,277.csv,development,development_70_15_15,True,ELIGIBLE,Type A,Q1_low
278,278.csv,development,development_70_15_15,True,ELIGIBLE,Type A,Q2_med_low
279,279.csv,development,development_70_15_15,True,ELIGIBLE,Type A,Q2_med_low
280,280.csv,development,development_70_15_15,True,ELIGIBLE,Type A,Q1_low
281,281.csv,unseen,inference_only,True,ELIGIBLE,Type A,Q3_med_high
282,282.csv,development,development_70_15_15,True,ELIGIBLE,Type A,Q1_low
283,283.csv,development,development_70_15_15,True,ELIGIBLE,Type A,Q3_med_high
284,284.csv,development,development_70_15_15,True,ELIGIBLE,Type A,Q2_med_low
285,285.csv,development,development_70_15_15,True,ELIGIBLE,Type A,Q3_med_high
286,286.csv,development,development_70_15_15,True,ELIGIBLE,Type A,Q1_low
287,287.csv,development,development_70_15_15,True,ELIGIBLE,Type A,Q1_low
288,288.csv,development,development_70_15_15,True,ELIGIBLE,Type A,Q1_low
289,289.csv,development,development_70_15_15,True,ELIGIBLE,Type A,Q2_med_low
290,290.csv,development,development_70_15_15,True,ELIGIBLE,Type A,Q1_low
291,291.csv,unseen,inference_only,True,ELIGIBLE,Type A,Q2_med_low
292,292.csv,development,development_70_15_15,True,ELIGIBLE,Type A,Q1_low
293,293.csv,development,development_70_15_15,True,ELIGIBLE,Type A,Q1_low
294,294.csv,development,development_70_15_15,True,ELIGIBLE,Type A,Q3_med_high
295,295.csv,development,development_70_15_15,True,ELIGIBLE,Type A,Q3_med_high
296,296.csv,development,development_70_15_15,True,ELIGIBLE,Type A,Q1_low
297,297.csv,development,development_70_15_15,True,ELIGIBLE,Type A,Q2_med_low
298,298.csv,development,development_70_15_15,True,ELIGIBLE,Type A,Q1_low
299,299.csv,development,development_70_15_15,True,ELIGIBLE,Type A,Q1_low
300,300.csv,development,development_70_15_15,True,ELIGIBLE,Type A,Q2_med_low
301,301.csv,development,development_70_15_15,True,ELIGIBLE,Type A,Q1_low
302,302.csv,development,development_70_15_15,True,ELIGIBLE,Type A,Q2_med_low
303,303.csv,development,development_70_15_15,True,ELIGIBLE,Type A,Q1_low
304,304.csv,development,development_70_15_15,True,ELIGIBLE,Type A,Q1_low
305,305.csv,unseen,inference_only,True,ELIGIBLE,Type A,Q1_low
306,306.csv,unseen,inference_only,True,ELIGIBLE,Type A,Q2_med_low
307,307.csv,development,development_70_15_15,True,ELIGIBLE,Type A,Q1_low
308,308.csv,development,development_70_15_15,True,ELIGIBLE,Type A,Q1_low
309,309.csv,unseen,inference_only,True,ELIGIBLE,Type A,Q1_low
310,310.csv,development,development_70_15_15,True,ELIGIBLE,Type A,Q1_low
311,311.csv,development,development_70_15_15,True,ELIGIBLE,Type A,Q1_low
312,312.csv,excluded,excluded,False,ACTIVE_DURATION_UNDER_25H (3 steps < 300),Transient,excluded
313,313.csv,development,development_70_15_15,True,ELIGIBLE,Type A,Q1_low
314,314.csv,excluded,excluded,False,ACTIVE_DURATION_UNDER_25H (199 steps < 300),Transient,excluded
315,315.csv,development,development_70_15_15,True,ELIGIBLE,Type A,Q2_med_low
316,316.csv,excluded,excluded,False,ACTIVE_DURATION_UNDER_25H (4 steps < 300),Transient,excluded
317,317.csv,development,development_70_15_15,True,ELIGIBLE,Type A,Q4_high
318,318.csv,development,development_70_15_15,True,ELIGIBLE,Type A,Q1_low
319,319.csv,development,development_70_15_15,True,ELIGIBLE,Type A,Q3_med_high
320,320.csv,unseen,inference_only,True,ELIGIBLE,Type A,Q4_high
321,321.csv,development,development_70_15_15,True,ELIGIBLE,Type A,Q4_high
322,322.csv,development,development_70_15_15,True,ELIGIBLE,Type A,Q4_high
323,323.csv,development,development_70_15_15,True,ELIGIBLE,Type A,Q3_med_high
324,324.csv,development,development_70_15_15,True,ELIGIBLE,Type A,Q4_high
325,325.csv,unseen,inference_only,True,ELIGIBLE,Type A,Q4_high
326,326.csv,development,development_70_15_15,True,ELIGIBLE,Type A,Q4_high
327,327.csv,development,development_70_15_15,True,ELIGIBLE,Type A,Q4_high
328,328.csv,unseen,inference_only,True,ELIGIBLE,Type A,Q4_high
329,329.csv,development,development_70_15_15,True,ELIGIBLE,Type A,Q2_med_low
330,330.csv,development,development_70_15_15,True,ELIGIBLE,Type A,Q3_med_high
331,331.csv,unseen,inference_only,True,ELIGIBLE,Type A,Q1_low
332,332.csv,development,development_70_15_15,True,ELIGIBLE,Type A,Q4_high
333,333.csv,unseen,inference_only,True,ELIGIBLE,Type A,Q4_high
334,334.csv,development,development_70_15_15,True,ELIGIBLE,Type A,Q3_med_high
335,335.csv,unseen,inference_only,True,ELIGIBLE,Type A,Q2_med_low
336,336.csv,unseen,inference_only,True,ELIGIBLE,Type A,Q1_low
337,337.csv,development,development_70_15_15,True,ELIGIBLE,Type A,Q3_med_high
338,338.csv,unseen,inference_only,True,ELIGIBLE,Type A,Q1_low
339,339.csv,development,development_70_15_15,True,ELIGIBLE,Type A,Q1_low
340,340.csv,development,development_70_15_15,True,ELIGIBLE,Type A,Q2_med_low
341,341.csv,development,development_70_15_15,True,ELIGIBLE,Type A,Q1_low
342,342.csv,development,development_70_15_15,True,ELIGIBLE,Type A,Q1_low
343,343.csv,development,development_70_15_15,True,ELIGIBLE,Type A,Q2_med_low
344,344.csv,development,development_70_15_15,True,ELIGIBLE,Type A,Q3_med_high
345,345.csv,development,development_70_15_15,True,ELIGIBLE,Type A,Q2_med_low
346,346.csv,development,development_70_15_15,True,ELIGIBLE,Type A,Q1_low
347,347.csv,development,development_70_15_15,True,ELIGIBLE,Type A,Q4_high
348,348.csv,development,development_70_15_15,True,ELIGIBLE,Type A,Q3_med_high
349,349.csv,development,development_70_15_15,True,ELIGIBLE,Type A,Q2_med_low
350,350.csv,development,development_70_15_15,True,ELIGIBLE,Type A,Q3_med_high
351,351.csv,development,development_70_15_15,True,ELIGIBLE,Type A,Q3_med_high
352,352.csv,development,development_70_15_15,True,ELIGIBLE,Type A,Q3_med_high
353,353.csv,development,development_70_15_15,True,ELIGIBLE,Type A,Q4_high
354,354.csv,development,development_70_15_15,True,ELIGIBLE,Type A,Q3_med_high
355,355.csv,development,development_70_15_15,True,ELIGIBLE,Type B,Q1_low
356,356.csv,development,development_70_15_15,True,ELIGIBLE,Type A,Q2_med_low
357,357.csv,development,development_70_15_15,True,ELIGIBLE,Type A,Q3_med_high
358,358.csv,development,development_70_15_15,True,ELIGIBLE,Type A,Q3_med_high
359,359.csv,development,development_70_15_15,True,ELIGIBLE,Type B,Q1_low
360,360.csv,development,development_70_15_15,True,ELIGIBLE,Type A,Q3_med_high
361,361.csv,unseen,inference_only,True,ELIGIBLE,Type B,Q4_high
362,362.csv,development,development_70_15_15,True,ELIGIBLE,Type A,Q2_med_low
363,363.csv,development,development_70_15_15,True,ELIGIBLE,Type A,Q1_low
364,364.csv,development,development_70_15_15,True,ELIGIBLE,Type B,Q2_med_low
365,365.csv,excluded,excluded,False,ZERO_ACTIVE_ROWS_NO_PROVISIONED_CAPACITY,Zero_Capacity,excluded
366,366.csv,development,development_70_15_15,True,ELIGIBLE,Type A,Q3_med_high
367,367.csv,development,development_70_15_15,True,ELIGIBLE,Type A,Q1_low
368,368.csv,development,development_70_15_15,True,ELIGIBLE,Type A,Q2_med_low
369,369.csv,development,development_70_15_15,True,ELIGIBLE,Type A,Q1_low
370,370.csv,development,development_70_15_15,True,ELIGIBLE,Type A,Q1_low
371,371.csv,unseen,inference_only,True,ELIGIBLE,Type A,Q1_low
372,372.csv,development,development_70_15_15,True,ELIGIBLE,Type A,Q3_med_high
373,373.csv,unseen,inference_only,True,ELIGIBLE,Type A,Q2_med_low
374,374.csv,development,development_70_15_15,True,ELIGIBLE,Type A,Q3_med_high
375,375.csv,development,development_70_15_15,True,ELIGIBLE,Type A,Q2_med_low
376,376.csv,development,development_70_15_15,True,ELIGIBLE,Type A,Q3_med_high
377,377.csv,development,development_70_15_15,True,ELIGIBLE,Type A,Q2_med_low
378,378.csv,development,development_70_15_15,True,ELIGIBLE,Type A,Q3_med_high
379,379.csv,development,development_70_15_15,True,ELIGIBLE,Type A,Q1_low
380,380.csv,unseen,inference_only,True,ELIGIBLE,Type A,Q2_med_low
381,381.csv,unseen,inference_only,True,ELIGIBLE,Type A,Q1_low
382,382.csv,development,development_70_15_15,True,ELIGIBLE,Type A,Q1_low
383,383.csv,development,development_70_15_15,True,ELIGIBLE,Type A,Q1_low
384,384.csv,development,development_70_15_15,True,ELIGIBLE,Type A,Q3_med_high
385,385.csv,development,development_70_15_15,True,ELIGIBLE,Type A,Q3_med_high
386,386.csv,development,development_70_15_15,True,ELIGIBLE,Type A,Q2_med_low
387,387.csv,unseen,inference_only,True,ELIGIBLE,Type A,Q4_high
388,388.csv,unseen,inference_only,True,ELIGIBLE,Type A,Q4_high
389,389.csv,unseen,inference_only,True,ELIGIBLE,Type A,Q3_med_high
390,390.csv,development,development_70_15_15,True,ELIGIBLE,Type A,Q4_high
391,391.csv,development,development_70_15_15,True,ELIGIBLE,Type A,Q3_med_high
392,392.csv,development,development_70_15_15,True,ELIGIBLE,Type A,Q2_med_low
393,393.csv,unseen,inference_only,True,ELIGIBLE,Type A,Q1_low
394,394.csv,development,development_70_15_15,True,ELIGIBLE,Type A,Q3_med_high
395,395.csv,development,development_70_15_15,True,ELIGIBLE,Type A,Q2_med_low
396,396.csv,unseen,inference_only,True,ELIGIBLE,Type A,Q2_med_low
397,397.csv,development,development_70_15_15,True,ELIGIBLE,Type A,Q2_med_low
398,398.csv,development,development_70_15_15,True,ELIGIBLE,Type A,Q2_med_low
399,399.csv,development,development_70_15_15,True,ELIGIBLE,Type A,Q1_low
400,400.csv,development,development_70_15_15,True,ELIGIBLE,Type A,Q2_med_low
401,401.csv,development,development_70_15_15,True,ELIGIBLE,Type A,Q2_med_low
402,402.csv,development,development_70_15_15,True,ELIGIBLE,Type A,Q3_med_high
403,403.csv,development,development_70_15_15,True,ELIGIBLE,Type A,Q2_med_low
404,404.csv,development,development_70_15_15,True,ELIGIBLE,Type A,Q2_med_low
405,405.csv,unseen,inference_only,True,ELIGIBLE,Type A,Q3_med_high
406,406.csv,unseen,inference_only,True,ELIGIBLE,Type A,Q2_med_low
407,407.csv,development,development_70_15_15,True,ELIGIBLE,Type A,Q2_med_low
408,408.csv,development,development_70_15_15,True,ELIGIBLE,Type A,Q2_med_low
409,409.csv,development,development_70_15_15,True,ELIGIBLE,Type A,Q1_low
410,410.csv,unseen,inference_only,True,ELIGIBLE,Type A,Q2_med_low
411,411.csv,development,development_70_15_15,True,ELIGIBLE,Type A,Q1_low
412,412.csv,unseen,inference_only,True,ELIGIBLE,Type A,Q3_med_high
413,413.csv,development,development_70_15_15,True,ELIGIBLE,Type A,Q2_med_low
414,414.csv,unseen,inference_only,True,ELIGIBLE,Type A,Q3_med_high
415,415.csv,development,development_70_15_15,True,ELIGIBLE,Type A,Q2_med_low
416,416.csv,development,development_70_15_15,True,ELIGIBLE,Type A,Q1_low
417,417.csv,development,development_70_15_15,True,ELIGIBLE,Type A,Q1_low
418,418.csv,development,development_70_15_15,True,ELIGIBLE,Type A,Q2_med_low
419,419.csv,development,development_70_15_15,True,ELIGIBLE,Type A,Q2_med_low
420,420.csv,unseen,inference_only,True,ELIGIBLE,Type A,Q1_low
421,421.csv,development,development_70_15_15,True,ELIGIBLE,Type A,Q1_low
422,422.csv,development,development_70_15_15,True,ELIGIBLE,Type A,Q3_med_high
423,423.csv,unseen,inference_only,True,ELIGIBLE,Type A,Q2_med_low
424,424.csv,development,development_70_15_15,True,ELIGIBLE,Type A,Q3_med_high
425,425.csv,development,development_70_15_15,True,ELIGIBLE,Type A,Q2_med_low
426,426.csv,unseen,inference_only,True,ELIGIBLE,Type A,Q2_med_low
427,427.csv,unseen,inference_only,True,ELIGIBLE,Type A,Q2_med_low
428,428.csv,development,development_70_15_15,True,ELIGIBLE,Type A,Q3_med_high
429,429.csv,unseen,inference_only,True,ELIGIBLE,Type A,Q3_med_high
430,430.csv,development,development_70_15_15,True,ELIGIBLE,Type A,Q2_med_low
431,431.csv,development,development_70_15_15,True,ELIGIBLE,Type A,Q2_med_low
432,432.csv,development,development_70_15_15,True,ELIGIBLE,Type A,Q3_med_high
433,433.csv,unseen,inference_only,True,ELIGIBLE,Type A,Q2_med_low
434,434.csv,development,development_70_15_15,True,ELIGIBLE,Type A,Q2_med_low
435,435.csv,development,development_70_15_15,True,ELIGIBLE,Type A,Q3_med_high
436,436.csv,development,development_70_15_15,True,ELIGIBLE,Type A,Q3_med_high
437,437.csv,development,development_70_15_15,True,ELIGIBLE,Type A,Q3_med_high
438,438.csv,development,development_70_15_15,True,ELIGIBLE,Type A,Q2_med_low
439,439.csv,unseen,inference_only,True,ELIGIBLE,Type A,Q1_low
440,440.csv,unseen,inference_only,True,ELIGIBLE,Type A,Q1_low
441,441.csv,development,development_70_15_15,True,ELIGIBLE,Type A,Q1_low
442,442.csv,development,development_70_15_15,True,ELIGIBLE,Type A,Q1_low
443,443.csv,development,development_70_15_15,True,ELIGIBLE,Type A,Q1_low
444,444.csv,development,development_70_15_15,True,ELIGIBLE,Type A,Q2_med_low
445,445.csv,development,development_70_15_15,True,ELIGIBLE,Type A,Q2_med_low
446,446.csv,development,development_70_15_15,True,ELIGIBLE,Type A,Q2_med_low
447,447.csv,development,development_70_15_15,True,ELIGIBLE,Type A,Q3_med_high
448,448.csv,development,development_70_15_15,True,ELIGIBLE,Type A,Q1_low
449,449.csv,development,development_70_15_15,True,ELIGIBLE,Type A,Q1_low
450,450.csv,development,development_70_15_15,True,ELIGIBLE,Type A,Q2_med_low
451,451.csv,unseen,inference_only,True,ELIGIBLE,Type A,Q1_low
452,452.csv,development,development_70_15_15,True,ELIGIBLE,Type A,Q1_low
453,453.csv,development,development_70_15_15,True,ELIGIBLE,Type A,Q1_low
454,454.csv,development,development_70_15_15,True,ELIGIBLE,Type A,Q2_med_low
455,455.csv,development,development_70_15_15,True,ELIGIBLE,Type A,Q3_med_high
456,456.csv,development,development_70_15_15,True,ELIGIBLE,Type A,Q3_med_high
457,457.csv,development,development_70_15_15,True,ELIGIBLE,Type A,Q1_low
458,458.csv,development,development_70_15_15,True,ELIGIBLE,Type A,Q2_med_low
459,459.csv,development,development_70_15_15,True,ELIGIBLE,Type A,Q1_low
460,460.csv,development,development_70_15_15,True,ELIGIBLE,Type A,Q2_med_low
461,461.csv,development,development_70_15_15,True,ELIGIBLE,Type A,Q3_med_high
462,462.csv,unseen,inference_only,True,ELIGIBLE,Type A,Q3_med_high
463,463.csv,development,development_70_15_15,True,ELIGIBLE,Type A,Q1_low
464,464.csv,development,development_70_15_15,True,ELIGIBLE,Type A,Q2_med_low
465,465.csv,development,development_70_15_15,True,ELIGIBLE,Type A,Q2_med_low
466,466.csv,development,development_70_15_15,True,ELIGIBLE,Type A,Q3_med_high
467,467.csv,development,development_70_15_15,True,ELIGIBLE,Type A,Q1_low
468,468.csv,development,development_70_15_15,True,ELIGIBLE,Type A,Q1_low
469,469.csv,development,development_70_15_15,True,ELIGIBLE,Type A,Q2_med_low
470,470.csv,development,development_70_15_15,True,ELIGIBLE,Type A,Q2_med_low
471,471.csv,development,development_70_15_15,True,ELIGIBLE,Type A,Q2_med_low
472,472.csv,development,development_70_15_15,True,ELIGIBLE,Type A,Q3_med_high
473,473.csv,development,development_70_15_15,True,ELIGIBLE,Type A,Q3_med_high
474,474.csv,development,development_70_15_15,True,ELIGIBLE,Type A,Q3_med_high
475,475.csv,development,development_70_15_15,True,ELIGIBLE,Type A,Q2_med_low
476,476.csv,unseen,inference_only,True,ELIGIBLE,Type A,Q2_med_low
477,477.csv,unseen,inference_only,True,ELIGIBLE,Type A,Q2_med_low
478,478.csv,development,development_70_15_15,True,ELIGIBLE,Type A,Q2_med_low
479,479.csv,development,development_70_15_15,True,ELIGIBLE,Type A,Q3_med_high
480,480.csv,unseen,inference_only,True,ELIGIBLE,Type A,Q1_low
481,481.csv,unseen,inference_only,True,ELIGIBLE,Type A,Q2_med_low
482,482.csv,unseen,inference_only,True,ELIGIBLE,Type A,Q1_low
483,483.csv,development,development_70_15_15,True,ELIGIBLE,Type A,Q3_med_high
484,484.csv,development,development_70_15_15,True,ELIGIBLE,Type A,Q3_med_high
485,485.csv,development,development_70_15_15,True,ELIGIBLE,Type A,Q1_low
486,486.csv,development,development_70_15_15,True,ELIGIBLE,Type A,Q1_low
487,487.csv,development,development_70_15_15,True,ELIGIBLE,Type A,Q1_low
488,488.csv,unseen,inference_only,True,ELIGIBLE,Type A,Q1_low
489,489.csv,development,development_70_15_15,True,ELIGIBLE,Type A,Q1_low
490,490.csv,development,development_70_15_15,True,ELIGIBLE,Type A,Q1_low
491,491.csv,unseen,inference_only,True,ELIGIBLE,Type A,Q2_med_low
492,492.csv,development,development_70_15_15,True,ELIGIBLE,Type A,Q3_med_high
493,493.csv,development,development_70_15_15,True,ELIGIBLE,Type A,Q1_low
494,494.csv,development,development_70_15_15,True,ELIGIBLE,Type A,Q1_low
495,495.csv,development,development_70_15_15,True,ELIGIBLE,Type A,Q2_med_low
496,496.csv,development,development_70_15_15,True,ELIGIBLE,Type A,Q2_med_low
497,497.csv,development,development_70_15_15,True,ELIGIBLE,Type A,Q3_med_high
498,498.csv,development,development_70_15_15,True,ELIGIBLE,Type A,Q2_med_low
499,499.csv,unseen,inference_only,True,ELIGIBLE,Type A,Q3_med_high
500,500.csv,development,development_70_15_15,True,ELIGIBLE,Type A,Q2_med_low
501,501.csv,development,development_70_15_15,True,ELIGIBLE,Type A,Q2_med_low
502,502.csv,unseen,inference_only,True,ELIGIBLE,Type A,Q3_med_high
503,503.csv,development,development_70_15_15,True,ELIGIBLE,Type A,Q2_med_low
504,504.csv,development,development_70_15_15,True,ELIGIBLE,Type A,Q3_med_high
505,505.csv,development,development_70_15_15,True,ELIGIBLE,Type A,Q2_med_low
506,506.csv,development,development_70_15_15,True,ELIGIBLE,Type A,Q3_med_high
507,507.csv,development,development_70_15_15,True,ELIGIBLE,Type A,Q1_low
508,508.csv,development,development_70_15_15,True,ELIGIBLE,Type A,Q2_med_low
509,509.csv,development,development_70_15_15,True,ELIGIBLE,Type A,Q3_med_high
510,510.csv,development,development_70_15_15,True,ELIGIBLE,Type A,Q2_med_low
511,511.csv,unseen,inference_only,True,ELIGIBLE,Type A,Q3_med_high
512,512.csv,unseen,inference_only,True,ELIGIBLE,Type A,Q1_low
513,513.csv,development,development_70_15_15,True,ELIGIBLE,Type A,Q2_med_low
514,514.csv,development,development_70_15_15,True,ELIGIBLE,Type A,Q1_low
515,515.csv,unseen,inference_only,True,ELIGIBLE,Type A,Q2_med_low
516,516.csv,development,development_70_15_15,True,ELIGIBLE,Type A,Q3_med_high
517,517.csv,unseen,inference_only,True,ELIGIBLE,Type A,Q2_med_low
518,518.csv,development,development_70_15_15,True,ELIGIBLE,Type A,Q3_med_high
519,519.csv,development,development_70_15_15,True,ELIGIBLE,Type A,Q1_low
520,520.csv,development,development_70_15_15,True,ELIGIBLE,Type A,Q3_med_high
521,521.csv,development,development_70_15_15,True,ELIGIBLE,Type A,Q3_med_high
522,522.csv,development,development_70_15_15,True,ELIGIBLE,Type A,Q3_med_high
523,523.csv,development,development_70_15_15,True,ELIGIBLE,Type A,Q2_med_low
524,524.csv,unseen,inference_only,True,ELIGIBLE,Type A,Q2_med_low
525,525.csv,development,development_70_15_15,True,ELIGIBLE,Type A,Q3_med_high
526,526.csv,development,development_70_15_15,True,ELIGIBLE,Type A,Q1_low
527,527.csv,development,development_70_15_15,True,ELIGIBLE,Type A,Q2_med_low
528,528.csv,development,development_70_15_15,True,ELIGIBLE,Type A,Q1_low
529,529.csv,unseen,inference_only,True,ELIGIBLE,Type A,Q2_med_low
530,530.csv,unseen,inference_only,True,ELIGIBLE,Type A,Q1_low
531,531.csv,unseen,inference_only,True,ELIGIBLE,Type A,Q3_med_high
532,532.csv,development,development_70_15_15,True,ELIGIBLE,Type A,Q2_med_low
533,533.csv,unseen,inference_only,True,ELIGIBLE,Type A,Q3_med_high
534,534.csv,development,development_70_15_15,True,ELIGIBLE,Type A,Q3_med_high
535,535.csv,development,development_70_15_15,True,ELIGIBLE,Type A,Q3_med_high
536,536.csv,development,development_70_15_15,True,ELIGIBLE,Type A,Q1_low
537,537.csv,development,development_70_15_15,True,ELIGIBLE,Type B,Q4_high
538,538.csv,development,development_70_15_15,True,ELIGIBLE,Type A,Q1_low
539,539.csv,development,development_70_15_15,True,ELIGIBLE,Type A,Q4_high
540,540.csv,development,development_70_15_15,True,ELIGIBLE,Type A,Q4_high
541,541.csv,development,development_70_15_15,True,ELIGIBLE,Type A,Q1_low
542,542.csv,development,development_70_15_15,True,ELIGIBLE,Type B,Q1_low
543,543.csv,development,development_70_15_15,True,ELIGIBLE,Type B,Q1_low
544,544.csv,development,development_70_15_15,True,ELIGIBLE,Type A,Q1_low
545,545.csv,development,development_70_15_15,True,ELIGIBLE,Type A,Q2_med_low
546,546.csv,development,development_70_15_15,True,ELIGIBLE,Type A,Q2_med_low
547,547.csv,development,development_70_15_15,True,ELIGIBLE,Type A,Q3_med_high
548,548.csv,development,development_70_15_15,True,ELIGIBLE,Type A,Q1_low
549,549.csv,development,development_70_15_15,True,ELIGIBLE,Type A,Q2_med_low
550,550.csv,development,development_70_15_15,True,ELIGIBLE,Type A,Q1_low
551,551.csv,development,development_70_15_15,True,ELIGIBLE,Type A,Q2_med_low
552,552.csv,excluded,excluded,False,ACTIVE_DURATION_UNDER_25H (280 steps < 300),Transient,excluded
553,553.csv,development,development_70_15_15,True,ELIGIBLE,Type A,Q1_low
554,554.csv,development,development_70_15_15,True,ELIGIBLE,Type A,Q4_high
555,555.csv,unseen,inference_only,True,ELIGIBLE,Type A,Q3_med_high
556,556.csv,development,development_70_15_15,True,ELIGIBLE,Type A,Q3_med_high
557,557.csv,unseen,inference_only,True,ELIGIBLE,Type A,Q1_low
558,558.csv,development,development_70_15_15,True,ELIGIBLE,Type A,Q2_med_low
559,559.csv,development,development_70_15_15,True,ELIGIBLE,Type A,Q3_med_high
560,560.csv,development,development_70_15_15,True,ELIGIBLE,Type A,Q4_high
561,561.csv,development,development_70_15_15,True,ELIGIBLE,Type B,Q1_low
562,562.csv,development,development_70_15_15,True,ELIGIBLE,Type A,Q4_high
563,563.csv,development,development_70_15_15,True,ELIGIBLE,Type A,Q2_med_low
564,564.csv,development,development_70_15_15,True,ELIGIBLE,Type A,Q2_med_low
565,565.csv,development,development_70_15_15,True,ELIGIBLE,Type A,Q2_med_low
566,566.csv,unseen,inference_only,True,ELIGIBLE,Type A,Q1_low
567,567.csv,development,development_70_15_15,True,ELIGIBLE,Type A,Q1_low
568,568.csv,development,development_70_15_15,True,ELIGIBLE,Type A,Q2_med_low
569,569.csv,development,development_70_15_15,True,ELIGIBLE,Type A,Q2_med_low
570,570.csv,development,development_70_15_15,True,ELIGIBLE,Type A,Q1_low
571,571.csv,development,development_70_15_15,True,ELIGIBLE,Type A,Q1_low
572,572.csv,development,development_70_15_15,True,ELIGIBLE,Type A,Q2_med_low
573,573.csv,unseen,inference_only,True,ELIGIBLE,Type A,Q1_low
574,574.csv,unseen,inference_only,True,ELIGIBLE,Type A,Q4_high
575,575.csv,development,development_70_15_15,True,ELIGIBLE,Type A,Q4_high
576,576.csv,excluded,excluded,False,ACTIVE_DURATION_UNDER_25H (12 steps < 300),Transient,excluded
577,577.csv,development,development_70_15_15,True,ELIGIBLE,Type A,Q3_med_high
578,578.csv,development,development_70_15_15,True,ELIGIBLE,Type A,Q1_low
579,579.csv,development,development_70_15_15,True,ELIGIBLE,Type A,Q3_med_high
580,580.csv,unseen,inference_only,True,ELIGIBLE,Type A,Q3_med_high
581,581.csv,development,development_70_15_15,True,ELIGIBLE,Type A,Q2_med_low
582,582.csv,development,development_70_15_15,True,ELIGIBLE,Type A,Q2_med_low
583,583.csv,development,development_70_15_15,True,ELIGIBLE,Type A,Q1_low
584,584.csv,development,development_70_15_15,True,ELIGIBLE,Type A,Q2_med_low
585,585.csv,development,development_70_15_15,True,ELIGIBLE,Type A,Q2_med_low
586,586.csv,development,development_70_15_15,True,ELIGIBLE,Type A,Q1_low
587,587.csv,development,development_70_15_15,True,ELIGIBLE,Type A,Q2_med_low
588,588.csv,development,development_70_15_15,True,ELIGIBLE,Type A,Q1_low
589,589.csv,development,development_70_15_15,True,ELIGIBLE,Type A,Q1_low
590,590.csv,unseen,inference_only,True,ELIGIBLE,Type A,Q1_low
591,591.csv,development,development_70_15_15,True,ELIGIBLE,Type A,Q4_high
592,592.csv,development,development_70_15_15,True,ELIGIBLE,Type A,Q1_low
593,593.csv,development,development_70_15_15,True,ELIGIBLE,Type A,Q2_med_low
594,594.csv,development,development_70_15_15,True,ELIGIBLE,Type A,Q2_med_low
595,595.csv,unseen,inference_only,True,ELIGIBLE,Type A,Q3_med_high
596,596.csv,development,development_70_15_15,True,ELIGIBLE,Type A,Q3_med_high
597,597.csv,development,development_70_15_15,True,ELIGIBLE,Type A,Q4_high
598,598.csv,development,development_70_15_15,True,ELIGIBLE,Type A,Q4_high
599,599.csv,development,development_70_15_15,True,ELIGIBLE,Type A,Q3_med_high
600,600.csv,development,development_70_15_15,True,ELIGIBLE,Type A,Q3_med_high
601,601.csv,development,development_70_15_15,True,ELIGIBLE,Type A,Q2_med_low
602,602.csv,unseen,inference_only,True,ELIGIBLE,Type A,Q2_med_low
603,603.csv,development,development_70_15_15,True,ELIGIBLE,Type A,Q2_med_low
604,604.csv,development,development_70_15_15,True,ELIGIBLE,Type A,Q2_med_low
605,605.csv,unseen,inference_only,True,ELIGIBLE,Type A,Q4_high
606,606.csv,development,development_70_15_15,True,ELIGIBLE,Type A,Q2_med_low
607,607.csv,development,development_70_15_15,True,ELIGIBLE,Type A,Q1_low
608,608.csv,development,development_70_15_15,True,ELIGIBLE,Type B,Q3_med_high
609,609.csv,unseen,inference_only,True,ELIGIBLE,Type A,Q3_med_high
610,610.csv,unseen,inference_only,True,ELIGIBLE,Type A,Q2_med_low
611,611.csv,unseen,inference_only,True,ELIGIBLE,Type A,Q2_med_low
612,612.csv,unseen,inference_only,True,ELIGIBLE,Type A,Q1_low
613,613.csv,development,development_70_15_15,True,ELIGIBLE,Type A,Q2_med_low
614,614.csv,development,development_70_15_15,True,ELIGIBLE,Type B,Q3_med_high
615,615.csv,development,development_70_15_15,True,ELIGIBLE,Type B,Q3_med_high
616,616.csv,development,development_70_15_15,True,ELIGIBLE,Type B,Q3_med_high
617,617.csv,development,development_70_15_15,True,ELIGIBLE,Type A,Q2_med_low
618,618.csv,development,development_70_15_15,True,ELIGIBLE,Type A,Q2_med_low
619,619.csv,development,development_70_15_15,True,ELIGIBLE,Type A,Q3_med_high
620,620.csv,development,development_70_15_15,True,ELIGIBLE,Type A,Q1_low
621,621.csv,development,development_70_15_15,True,ELIGIBLE,Type A,Q1_low
622,622.csv,development,development_70_15_15,True,ELIGIBLE,Type A,Q2_med_low
623,623.csv,unseen,inference_only,True,ELIGIBLE,Type B,Q3_med_high
624,624.csv,development,development_70_15_15,True,ELIGIBLE,Type B,Q2_med_low
625,625.csv,development,development_70_15_15,True,ELIGIBLE,Type B,Q2_med_low
626,626.csv,unseen,inference_only,True,ELIGIBLE,Type B,Q3_med_high
627,627.csv,development,development_70_15_15,True,ELIGIBLE,Type B,Q2_med_low
628,628.csv,development,development_70_15_15,True,ELIGIBLE,Type B,Q2_med_low
629,629.csv,unseen,inference_only,True,ELIGIBLE,Type B,Q2_med_low
630,630.csv,development,development_70_15_15,True,ELIGIBLE,Type B,Q3_med_high
631,631.csv,development,development_70_15_15,True,ELIGIBLE,Type B,Q3_med_high
632,632.csv,development,development_70_15_15,True,ELIGIBLE,Type B,Q2_med_low
633,633.csv,development,development_70_15_15,True,ELIGIBLE,Type B,Q3_med_high
634,634.csv,development,development_70_15_15,True,ELIGIBLE,Type B,Q3_med_high
635,635.csv,development,development_70_15_15,True,ELIGIBLE,Type B,Q2_med_low
636,636.csv,development,development_70_15_15,True,ELIGIBLE,Type B,Q2_med_low
637,637.csv,unseen,inference_only,True,ELIGIBLE,Type B,Q3_med_high
638,638.csv,development,development_70_15_15,True,ELIGIBLE,Type B,Q2_med_low
639,639.csv,development,development_70_15_15,True,ELIGIBLE,Type B,Q2_med_low
640,640.csv,development,development_70_15_15,True,ELIGIBLE,Type B,Q3_med_high
641,641.csv,development,development_70_15_15,True,ELIGIBLE,Type B,Q2_med_low
642,642.csv,development,development_70_15_15,True,ELIGIBLE,Type B,Q3_med_high
643,643.csv,unseen,inference_only,True,ELIGIBLE,Type B,Q3_med_high
644,644.csv,unseen,inference_only,True,ELIGIBLE,Type B,Q2_med_low
645,645.csv,development,development_70_15_15,True,ELIGIBLE,Type B,Q2_med_low
646,646.csv,development,development_70_15_15,True,ELIGIBLE,Type B,Q2_med_low
647,647.csv,development,development_70_15_15,True,ELIGIBLE,Type B,Q3_med_high
648,648.csv,unseen,inference_only,True,ELIGIBLE,Type B,Q3_med_high
649,649.csv,development,development_70_15_15,True,ELIGIBLE,Type B,Q2_med_low
650,650.csv,development,development_70_15_15,True,ELIGIBLE,Type B,Q3_med_high
651,651.csv,development,development_70_15_15,True,ELIGIBLE,Type B,Q2_med_low
652,652.csv,development,development_70_15_15,True,ELIGIBLE,Type B,Q2_med_low
653,653.csv,development,development_70_15_15,True,ELIGIBLE,Type B,Q3_med_high
654,654.csv,development,development_70_15_15,True,ELIGIBLE,Type B,Q3_med_high
655,655.csv,development,development_70_15_15,True,ELIGIBLE,Type B,Q3_med_high
656,656.csv,development,development_70_15_15,True,ELIGIBLE,Type A,Q2_med_low
657,657.csv,development,development_70_15_15,True,ELIGIBLE,Type A,Q2_med_low
658,658.csv,development,development_70_15_15,True,ELIGIBLE,Type A,Q3_med_high
659,659.csv,unseen,inference_only,True,ELIGIBLE,Type A,Q3_med_high
660,660.csv,unseen,inference_only,True,ELIGIBLE,Type A,Q3_med_high
661,661.csv,development,development_70_15_15,True,ELIGIBLE,Type A,Q1_low
662,662.csv,development,development_70_15_15,True,ELIGIBLE,Type A,Q3_med_high
663,663.csv,development,development_70_15_15,True,ELIGIBLE,Type A,Q3_med_high
664,664.csv,development,development_70_15_15,True,ELIGIBLE,Type A,Q3_med_high
665,665.csv,development,development_70_15_15,True,ELIGIBLE,Type A,Q2_med_low
666,666.csv,development,development_70_15_15,True,ELIGIBLE,Type A,Q2_med_low
667,667.csv,development,development_70_15_15,True,ELIGIBLE,Type B,Q1_low
668,668.csv,development,development_70_15_15,True,ELIGIBLE,Type A,Q1_low
669,669.csv,development,development_70_15_15,True,ELIGIBLE,Type A,Q4_high
670,670.csv,unseen,inference_only,True,ELIGIBLE,Type B,Q1_low
671,671.csv,development,development_70_15_15,True,ELIGIBLE,Type B,Q2_med_low
672,672.csv,development,development_70_15_15,True,ELIGIBLE,Type A,Q1_low
673,673.csv,unseen,inference_only,True,ELIGIBLE,Type A,Q1_low
674,674.csv,excluded,excluded,False,ACTIVE_DURATION_UNDER_25H (8 steps < 300),Transient,excluded
675,675.csv,unseen,inference_only,True,ELIGIBLE,Type A,Q3_med_high
676,676.csv,development,development_70_15_15,True,ELIGIBLE,Type A,Q2_med_low
677,677.csv,development,development_70_15_15,True,ELIGIBLE,Type A,Q2_med_low
678,678.csv,development,development_70_15_15,True,ELIGIBLE,Type A,Q2_med_low
679,679.csv,development,development_70_15_15,True,ELIGIBLE,Type A,Q1_low
680,680.csv,development,development_70_15_15,True,ELIGIBLE,Type A,Q1_low
681,681.csv,development,development_70_15_15,True,ELIGIBLE,Type A,Q3_med_high
682,682.csv,development,development_70_15_15,True,ELIGIBLE,Type A,Q1_low
683,683.csv,unseen,inference_only,True,ELIGIBLE,Type A,Q3_med_high
684,684.csv,unseen,inference_only,True,ELIGIBLE,Type A,Q2_med_low
685,685.csv,development,development_70_15_15,True,ELIGIBLE,Type A,Q3_med_high
686,686.csv,development,development_70_15_15,True,ELIGIBLE,Type A,Q2_med_low
687,687.csv,unseen,inference_only,True,ELIGIBLE,Type A,Q1_low
688,688.csv,development,development_70_15_15,True,ELIGIBLE,Type A,Q1_low
689,689.csv,development,development_70_15_15,True,ELIGIBLE,Type A,Q2_med_low
690,690.csv,unseen,inference_only,True,ELIGIBLE,Type A,Q1_low
691,691.csv,development,development_70_15_15,True,ELIGIBLE,Type A,Q1_low
692,692.csv,unseen,inference_only,True,ELIGIBLE,Type A,Q3_med_high
693,693.csv,development,development_70_15_15,True,ELIGIBLE,Type A,Q2_med_low
694,694.csv,unseen,inference_only,True,ELIGIBLE,Type A,Q1_low
695,695.csv,development,development_70_15_15,True,ELIGIBLE,Type A,Q1_low
696,696.csv,development,development_70_15_15,True,ELIGIBLE,Type A,Q1_low
697,697.csv,development,development_70_15_15,True,ELIGIBLE,Type A,Q3_med_high
698,698.csv,development,development_70_15_15,True,ELIGIBLE,Type A,Q1_low
699,699.csv,development,development_70_15_15,True,ELIGIBLE,Type A,Q1_low
700,700.csv,excluded,excluded,False,ACTIVE_DURATION_UNDER_25H (13 steps < 300),Transient,excluded
701,701.csv,development,development_70_15_15,True,ELIGIBLE,Type A,Q1_low
702,702.csv,development,development_70_15_15,True,ELIGIBLE,Type A,Q2_med_low
703,703.csv,unseen,inference_only,True,ELIGIBLE,Type A,Q1_low
704,704.csv,unseen,inference_only,True,ELIGIBLE,Type A,Q2_med_low
705,705.csv,development,development_70_15_15,True,ELIGIBLE,Type A,Q1_low
706,706.csv,development,development_70_15_15,True,ELIGIBLE,Type A,Q2_med_low
707,707.csv,development,development_70_15_15,True,ELIGIBLE,Type A,Q4_high
708,708.csv,unseen,inference_only,True,ELIGIBLE,Type A,Q4_high
709,709.csv,development,development_70_15_15,True,ELIGIBLE,Type A,Q3_med_high
710,710.csv,development,development_70_15_15,True,ELIGIBLE,Type A,Q4_high
711,711.csv,development,development_70_15_15,True,ELIGIBLE,Type A,Q4_high
712,712.csv,development,development_70_15_15,True,ELIGIBLE,Type A,Q3_med_high
713,713.csv,development,development_70_15_15,True,ELIGIBLE,Type A,Q4_high
714,714.csv,development,development_70_15_15,True,ELIGIBLE,Type A,Q4_high
715,715.csv,development,development_70_15_15,True,ELIGIBLE,Type A,Q4_high
716,716.csv,unseen,inference_only,True,ELIGIBLE,Type A,Q4_high
717,717.csv,development,development_70_15_15,True,ELIGIBLE,Type A,Q4_high
718,718.csv,development,development_70_15_15,True,ELIGIBLE,Type A,Q4_high
719,719.csv,development,development_70_15_15,True,ELIGIBLE,Type A,Q4_high
720,720.csv,unseen,inference_only,True,ELIGIBLE,Type A,Q4_high
721,721.csv,development,development_70_15_15,True,ELIGIBLE,Type A,Q3_med_high
722,722.csv,development,development_70_15_15,True,ELIGIBLE,Type A,Q2_med_low
723,723.csv,development,development_70_15_15,True,ELIGIBLE,Type A,Q3_med_high
724,724.csv,development,development_70_15_15,True,ELIGIBLE,Type A,Q3_med_high
725,725.csv,unseen,inference_only,True,ELIGIBLE,Type A,Q4_high
726,726.csv,development,development_70_15_15,True,ELIGIBLE,Type A,Q3_med_high
727,727.csv,development,development_70_15_15,True,ELIGIBLE,Type A,Q3_med_high
728,728.csv,unseen,inference_only,True,ELIGIBLE,Type A,Q3_med_high
729,729.csv,development,development_70_15_15,True,ELIGIBLE,Type A,Q2_med_low
730,730.csv,development,development_70_15_15,True,ELIGIBLE,Type A,Q2_med_low
731,731.csv,development,development_70_15_15,True,ELIGIBLE,Type B,Q2_med_low
732,732.csv,development,development_70_15_15,True,ELIGIBLE,Type A,Q1_low
733,733.csv,development,development_70_15_15,True,ELIGIBLE,Type A,Q2_med_low
734,734.csv,development,development_70_15_15,True,ELIGIBLE,Type A,Q4_high
735,735.csv,unseen,inference_only,True,ELIGIBLE,Type A,Q1_low
736,736.csv,development,development_70_15_15,True,ELIGIBLE,Type A,Q1_low
737,737.csv,development,development_70_15_15,True,ELIGIBLE,Type A,Q1_low
738,738.csv,development,development_70_15_15,True,ELIGIBLE,Type A,Q3_med_high
739,739.csv,development,development_70_15_15,True,ELIGIBLE,Type A,Q2_med_low
740,740.csv,unseen,inference_only,True,ELIGIBLE,Type A,Q3_med_high
741,741.csv,development,development_70_15_15,True,ELIGIBLE,Type A,Q3_med_high
742,742.csv,development,development_70_15_15,True,ELIGIBLE,Type A,Q2_med_low
743,743.csv,development,development_70_15_15,True,ELIGIBLE,Type A,Q2_med_low
744,744.csv,development,development_70_15_15,True,ELIGIBLE,Type A,Q2_med_low
745,745.csv,unseen,inference_only,True,ELIGIBLE,Type A,Q3_med_high
746,746.csv,development,development_70_15_15,True,ELIGIBLE,Type A,Q3_med_high
747,747.csv,development,development_70_15_15,True,ELIGIBLE,Type A,Q2_med_low
748,748.csv,development,development_70_15_15,True,ELIGIBLE,Type A,Q3_med_high
749,749.csv,development,development_70_15_15,True,ELIGIBLE,Type A,Q2_med_low
750,750.csv,unseen,inference_only,True,ELIGIBLE,Type A,Q2_med_low
751,751.csv,unseen,inference_only,True,ELIGIBLE,Type A,Q3_med_high
752,752.csv,development,development_70_15_15,True,ELIGIBLE,Type A,Q1_low
753,753.csv,excluded,excluded,False,ACTIVE_DURATION_UNDER_25H (7 steps < 300),Transient,excluded
754,754.csv,unseen,inference_only,True,ELIGIBLE,Type A,Q3_med_high
755,755.csv,unseen,inference_only,True,ELIGIBLE,Type A,Q3_med_high
756,756.csv,excluded,excluded,False,ACTIVE_DURATION_UNDER_25H (11 steps < 300),Transient,excluded
757,757.csv,development,development_70_15_15,True,ELIGIBLE,Type A,Q3_med_high
758,758.csv,development,development_70_15_15,True,ELIGIBLE,Type A,Q4_high
759,759.csv,development,development_70_15_15,True,ELIGIBLE,Type A,Q3_med_high
760,760.csv,development,development_70_15_15,True,ELIGIBLE,Type A,Q4_high
761,761.csv,development,development_70_15_15,True,ELIGIBLE,Type A,Q4_high
762,762.csv,development,development_70_15_15,True,ELIGIBLE,Type A,Q4_high
763,763.csv,development,development_70_15_15,True,ELIGIBLE,Type A,Q4_high
764,764.csv,development,development_70_15_15,True,ELIGIBLE,Type A,Q3_med_high
765,765.csv,development,development_70_15_15,True,ELIGIBLE,Type A,Q3_med_high
766,766.csv,development,development_70_15_15,True,ELIGIBLE,Type A,Q4_high
767,767.csv,development,development_70_15_15,True,ELIGIBLE,Type A,Q4_high
768,768.csv,unseen,inference_only,True,ELIGIBLE,Type A,Q3_med_high
769,769.csv,development,development_70_15_15,True,ELIGIBLE,Type A,Q3_med_high
770,770.csv,unseen,inference_only,True,ELIGIBLE,Type A,Q4_high
771,771.csv,unseen,inference_only,True,ELIGIBLE,Type A,Q1_low
772,772.csv,development,development_70_15_15,True,ELIGIBLE,Type A,Q2_med_low
773,773.csv,development,development_70_15_15,True,ELIGIBLE,Type A,Q2_med_low
774,774.csv,development,development_70_15_15,True,ELIGIBLE,Type A,Q2_med_low
775,775.csv,development,development_70_15_15,True,ELIGIBLE,Type A,Q2_med_low
776,776.csv,unseen,inference_only,True,ELIGIBLE,Type A,Q2_med_low
777,777.csv,development,development_70_15_15,True,ELIGIBLE,Type A,Q2_med_low
778,778.csv,development,development_70_15_15,True,ELIGIBLE,Type A,Q1_low
779,779.csv,development,development_70_15_15,True,ELIGIBLE,Type A,Q3_med_high
780,780.csv,development,development_70_15_15,True,ELIGIBLE,Type A,Q3_med_high
781,781.csv,development,development_70_15_15,True,ELIGIBLE,Type A,Q1_low
782,782.csv,unseen,inference_only,True,ELIGIBLE,Type A,Q3_med_high
783,783.csv,unseen,inference_only,True,ELIGIBLE,Type A,Q1_low
784,784.csv,development,development_70_15_15,True,ELIGIBLE,Type A,Q1_low
785,785.csv,development,development_70_15_15,True,ELIGIBLE,Type A,Q1_low
786,786.csv,unseen,inference_only,True,ELIGIBLE,Type A,Q1_low
787,787.csv,unseen,inference_only,True,ELIGIBLE,Type A,Q1_low
788,788.csv,development,development_70_15_15,True,ELIGIBLE,Type A,Q1_low
789,789.csv,unseen,inference_only,True,ELIGIBLE,Type A,Q3_med_high
790,790.csv,unseen,inference_only,True,ELIGIBLE,Type A,Q1_low
791,791.csv,development,development_70_15_15,True,ELIGIBLE,Type A,Q3_med_high
792,792.csv,development,development_70_15_15,True,ELIGIBLE,Type A,Q3_med_high
793,793.csv,development,development_70_15_15,True,ELIGIBLE,Type A,Q2_med_low
794,794.csv,development,development_70_15_15,True,ELIGIBLE,Type A,Q4_high
795,795.csv,development,development_70_15_15,True,ELIGIBLE,Type A,Q4_high
796,796.csv,development,development_70_15_15,True,ELIGIBLE,Type A,Q3_med_high
797,797.csv,development,development_70_15_15,True,ELIGIBLE,Type A,Q2_med_low
798,798.csv,development,development_70_15_15,True,ELIGIBLE,Type A,Q2_med_low
799,799.csv,development,development_70_15_15,True,ELIGIBLE,Type A,Q3_med_high
800,800.csv,unseen,inference_only,True,ELIGIBLE,Type A,Q3_med_high
801,801.csv,development,development_70_15_15,True,ELIGIBLE,Type A,Q3_med_high
802,802.csv,unseen,inference_only,True,ELIGIBLE,Type A,Q2_med_low
803,803.csv,development,development_70_15_15,True,ELIGIBLE,Type A,Q4_high
804,804.csv,development,development_70_15_15,True,ELIGIBLE,Type A,Q1_low
805,805.csv,development,development_70_15_15,True,ELIGIBLE,Type A,Q3_med_high
806,806.csv,development,development_70_15_15,True,ELIGIBLE,Type A,Q1_low
807,807.csv,development,development_70_15_15,True,ELIGIBLE,Type B,Q1_low
808,808.csv,unseen,inference_only,True,ELIGIBLE,Type A,Q3_med_high
809,809.csv,unseen,inference_only,True,ELIGIBLE,Type B,Q2_med_low
810,810.csv,unseen,inference_only,True,ELIGIBLE,Type B,Q1_low
811,811.csv,unseen,inference_only,True,ELIGIBLE,Type A,Q1_low
812,812.csv,development,development_70_15_15,True,ELIGIBLE,Type A,Q2_med_low
813,813.csv,unseen,inference_only,True,ELIGIBLE,Type A,Q2_med_low
814,814.csv,development,development_70_15_15,True,ELIGIBLE,Type A,Q2_med_low
815,815.csv,development,development_70_15_15,True,ELIGIBLE,Type A,Q1_low
816,816.csv,development,development_70_15_15,True,ELIGIBLE,Type A,Q3_med_high
817,817.csv,development,development_70_15_15,True,ELIGIBLE,Type A,Q2_med_low
818,818.csv,development,development_70_15_15,True,ELIGIBLE,Type A,Q2_med_low
819,819.csv,development,development_70_15_15,True,ELIGIBLE,Type A,Q1_low
820,820.csv,development,development_70_15_15,True,ELIGIBLE,Type A,Q3_med_high
821,821.csv,development,development_70_15_15,True,ELIGIBLE,Type A,Q3_med_high
822,822.csv,unseen,inference_only,True,ELIGIBLE,Type A,Q1_low
823,823.csv,development,development_70_15_15,True,ELIGIBLE,Type A,Q1_low
824,824.csv,development,development_70_15_15,True,ELIGIBLE,Type A,Q1_low
825,825.csv,development,development_70_15_15,True,ELIGIBLE,Type A,Q1_low
826,826.csv,development,development_70_15_15,True,ELIGIBLE,Type A,Q1_low
827,827.csv,development,development_70_15_15,True,ELIGIBLE,Type A,Q1_low
828,828.csv,development,development_70_15_15,True,ELIGIBLE,Type A,Q2_med_low
829,829.csv,development,development_70_15_15,True,ELIGIBLE,Type A,Q2_med_low
830,830.csv,development,development_70_15_15,True,ELIGIBLE,Type A,Q3_med_high
831,831.csv,development,development_70_15_15,True,ELIGIBLE,Type A,Q2_med_low
832,832.csv,development,development_70_15_15,True,ELIGIBLE,Type A,Q3_med_high
833,833.csv,development,development_70_15_15,True,ELIGIBLE,Type A,Q4_high
834,834.csv,development,development_70_15_15,True,ELIGIBLE,Type A,Q4_high
835,835.csv,unseen,inference_only,True,ELIGIBLE,Type A,Q3_med_high
836,836.csv,unseen,inference_only,True,ELIGIBLE,Type A,Q4_high
837,837.csv,development,development_70_15_15,True,ELIGIBLE,Type A,Q4_high
838,838.csv,development,development_70_15_15,True,ELIGIBLE,Type A,Q4_high
839,839.csv,development,development_70_15_15,True,ELIGIBLE,Type A,Q1_low
840,840.csv,development,development_70_15_15,True,ELIGIBLE,Type A,Q4_high
841,841.csv,development,development_70_15_15,True,ELIGIBLE,Type A,Q4_high
842,842.csv,development,development_70_15_15,True,ELIGIBLE,Type B,Q1_low
843,843.csv,development,development_70_15_15,True,ELIGIBLE,Type A,Q4_high
844,844.csv,development,development_70_15_15,True,ELIGIBLE,Type B,Q1_low
845,845.csv,development,development_70_15_15,True,ELIGIBLE,Type A,Q4_high
846,846.csv,development,development_70_15_15,True,ELIGIBLE,Type A,Q4_high
847,847.csv,development,development_70_15_15,True,ELIGIBLE,Type A,Q2_med_low
848,848.csv,development,development_70_15_15,True,ELIGIBLE,Type A,Q1_low
849,849.csv,development,development_70_15_15,True,ELIGIBLE,Type A,Q3_med_high
850,850.csv,development,development_70_15_15,True,ELIGIBLE,Type A,Q4_high
851,851.csv,development,development_70_15_15,True,ELIGIBLE,Type A,Q4_high
852,852.csv,unseen,inference_only,True,ELIGIBLE,Type A,Q4_high
853,853.csv,development,development_70_15_15,True,ELIGIBLE,Type A,Q4_high
854,854.csv,development,development_70_15_15,True,ELIGIBLE,Type A,Q4_high
855,855.csv,unseen,inference_only,True,ELIGIBLE,Type A,Q4_high
856,856.csv,development,development_70_15_15,True,ELIGIBLE,Type A,Q4_high
857,857.csv,unseen,inference_only,True,ELIGIBLE,Type A,Q4_high
858,858.csv,unseen,inference_only,True,ELIGIBLE,Type A,Q4_high
859,859.csv,development,development_70_15_15,True,ELIGIBLE,Type A,Q2_med_low
860,860.csv,unseen,inference_only,True,ELIGIBLE,Type A,Q1_low
861,861.csv,development,development_70_15_15,True,ELIGIBLE,Type A,Q2_med_low
862,862.csv,development,development_70_15_15,True,ELIGIBLE,Type A,Q2_med_low
863,863.csv,development,development_70_15_15,True,ELIGIBLE,Type A,Q1_low
864,864.csv,development,development_70_15_15,True,ELIGIBLE,Type A,Q2_med_low
865,865.csv,unseen,inference_only,True,ELIGIBLE,Type A,Q2_med_low
866,866.csv,development,development_70_15_15,True,ELIGIBLE,Type A,Q1_low
867,867.csv,development,development_70_15_15,True,ELIGIBLE,Type A,Q4_high
868,868.csv,development,development_70_15_15,True,ELIGIBLE,Type A,Q4_high
869,869.csv,unseen,inference_only,True,ELIGIBLE,Type A,Q4_high
870,870.csv,development,development_70_15_15,True,ELIGIBLE,Type A,Q4_high
871,871.csv,development,development_70_15_15,True,ELIGIBLE,Type A,Q3_med_high
872,872.csv,development,development_70_15_15,True,ELIGIBLE,Type A,Q4_high
873,873.csv,development,development_70_15_15,True,ELIGIBLE,Type A,Q3_med_high
874,874.csv,development,development_70_15_15,True,ELIGIBLE,Type A,Q4_high
875,875.csv,development,development_70_15_15,True,ELIGIBLE,Type A,Q4_high
876,876.csv,development,development_70_15_15,True,ELIGIBLE,Type A,Q4_high
877,877.csv,development,development_70_15_15,True,ELIGIBLE,Type A,Q4_high
878,878.csv,development,development_70_15_15,True,ELIGIBLE,Type A,Q4_high
879,879.csv,development,development_70_15_15,True,ELIGIBLE,Type A,Q4_high
880,880.csv,development,development_70_15_15,True,ELIGIBLE,Type A,Q4_high
881,881.csv,unseen,inference_only,True,ELIGIBLE,Type A,Q4_high
882,882.csv,unseen,inference_only,True,ELIGIBLE,Type A,Q4_high
883,883.csv,development,development_70_15_15,True,ELIGIBLE,Type A,Q4_high
884,884.csv,development,development_70_15_15,True,ELIGIBLE,Type A,Q4_high
885,885.csv,unseen,inference_only,True,ELIGIBLE,Type A,Q3_med_high
886,886.csv,development,development_70_15_15,True,ELIGIBLE,Type A,Q3_med_high
887,887.csv,development,development_70_15_15,True,ELIGIBLE,Type A,Q4_high
888,888.csv,development,development_70_15_15,True,ELIGIBLE,Type A,Q4_high
889,889.csv,development,development_70_15_15,True,ELIGIBLE,Type A,Q4_high
890,890.csv,development,development_70_15_15,True,ELIGIBLE,Type A,Q4_high
891,891.csv,unseen,inference_only,True,ELIGIBLE,Type A,Q4_high
892,892.csv,development,development_70_15_15,True,ELIGIBLE,Type A,Q4_high
893,893.csv,development,development_70_15_15,True,ELIGIBLE,Type A,Q4_high
894,894.csv,development,development_70_15_15,True,ELIGIBLE,Type A,Q4_high
895,895.csv,unseen,inference_only,True,ELIGIBLE,Type A,Q4_high
896,896.csv,development,development_70_15_15,True,ELIGIBLE,Type A,Q4_high
897,897.csv,development,development_70_15_15,True,ELIGIBLE,Type A,Q4_high
898,898.csv,development,development_70_15_15,True,ELIGIBLE,Type A,Q4_high
899,899.csv,development,development_70_15_15,True,ELIGIBLE,Type A,Q4_high
900,900.csv,development,development_70_15_15,True,ELIGIBLE,Type A,Q4_high
901,901.csv,development,development_70_15_15,True,ELIGIBLE,Type A,Q4_high
902,902.csv,development,development_70_15_15,True,ELIGIBLE,Type A,Q4_high
903,903.csv,development,development_70_15_15,True,ELIGIBLE,Type A,Q1_low
904,904.csv,unseen,inference_only,True,ELIGIBLE,Type A,Q3_med_high
905,905.csv,development,development_70_15_15,True,ELIGIBLE,Type A,Q4_high
906,906.csv,development,development_70_15_15,True,ELIGIBLE,Type A,Q2_med_low
907,907.csv,development,development_70_15_15,True,ELIGIBLE,Type A,Q3_med_high
908,908.csv,development,development_70_15_15,True,ELIGIBLE,Type A,Q4_high
909,909.csv,development,development_70_15_15,True,ELIGIBLE,Type A,Q3_med_high
910,910.csv,development,development_70_15_15,True,ELIGIBLE,Type A,Q3_med_high
911,911.csv,development,development_70_15_15,True,ELIGIBLE,Type A,Q3_med_high
912,912.csv,development,development_70_15_15,True,ELIGIBLE,Type A,Q3_med_high
913,913.csv,development,development_70_15_15,True,ELIGIBLE,Type A,Q2_med_low
914,914.csv,unseen,inference_only,True,ELIGIBLE,Type A,Q3_med_high
915,915.csv,unseen,inference_only,True,ELIGIBLE,Type A,Q2_med_low
916,916.csv,development,development_70_15_15,True,ELIGIBLE,Type A,Q1_low
917,917.csv,development,development_70_15_15,True,ELIGIBLE,Type A,Q3_med_high
918,918.csv,development,development_70_15_15,True,ELIGIBLE,Type A,Q1_low
919,919.csv,unseen,inference_only,True,ELIGIBLE,Type A,Q2_med_low
920,920.csv,development,development_70_15_15,True,ELIGIBLE,Type A,Q3_med_high
921,921.csv,unseen,inference_only,True,ELIGIBLE,Type A,Q3_med_high
922,922.csv,development,development_70_15_15,True,ELIGIBLE,Type A,Q2_med_low
923,923.csv,development,development_70_15_15,True,ELIGIBLE,Type A,Q2_med_low
924,924.csv,unseen,inference_only,True,ELIGIBLE,Type A,Q1_low
925,925.csv,unseen,inference_only,True,ELIGIBLE,Type A,Q1_low
926,926.csv,unseen,inference_only,True,ELIGIBLE,Type A,Q2_med_low
927,927.csv,development,development_70_15_15,True,ELIGIBLE,Type A,Q1_low
928,928.csv,development,development_70_15_15,True,ELIGIBLE,Type A,Q2_med_low
929,929.csv,development,development_70_15_15,True,ELIGIBLE,Type A,Q2_med_low
930,930.csv,unseen,inference_only,True,ELIGIBLE,Type A,Q2_med_low
931,931.csv,development,development_70_15_15,True,ELIGIBLE,Type A,Q2_med_low
932,932.csv,development,development_70_15_15,True,ELIGIBLE,Type A,Q2_med_low
933,933.csv,development,development_70_15_15,True,ELIGIBLE,Type A,Q2_med_low
934,934.csv,development,development_70_15_15,True,ELIGIBLE,Type A,Q1_low
935,935.csv,development,development_70_15_15,True,ELIGIBLE,Type A,Q1_low
936,936.csv,development,development_70_15_15,True,ELIGIBLE,Type A,Q1_low
937,937.csv,unseen,inference_only,True,ELIGIBLE,Type A,Q1_low
938,938.csv,unseen,inference_only,True,ELIGIBLE,Type A,Q1_low
939,939.csv,development,development_70_15_15,True,ELIGIBLE,Type A,Q4_high
940,940.csv,development,development_70_15_15,True,ELIGIBLE,Type A,Q3_med_high
941,941.csv,development,development_70_15_15,True,ELIGIBLE,Type A,Q3_med_high
942,942.csv,unseen,inference_only,True,ELIGIBLE,Type A,Q2_med_low
943,943.csv,unseen,inference_only,True,ELIGIBLE,Type A,Q4_high
944,944.csv,development,development_70_15_15,True,ELIGIBLE,Type A,Q3_med_high
945,945.csv,development,development_70_15_15,True,ELIGIBLE,Type A,Q4_high
946,946.csv,development,development_70_15_15,True,ELIGIBLE,Type A,Q3_med_high
947,947.csv,development,development_70_15_15,True,ELIGIBLE,Type A,Q3_med_high
948,948.csv,excluded,excluded,False,ACTIVE_DURATION_UNDER_25H (265 steps < 300),Transient,excluded
949,949.csv,development,development_70_15_15,True,ELIGIBLE,Type A,Q3_med_high
950,950.csv,development,development_70_15_15,True,ELIGIBLE,Type A,Q2_med_low
951,951.csv,development,development_70_15_15,True,ELIGIBLE,Type A,Q2_med_low
952,952.csv,development,development_70_15_15,True,ELIGIBLE,Type A,Q2_med_low
953,953.csv,development,development_70_15_15,True,ELIGIBLE,Type A,Q2_med_low
954,954.csv,development,development_70_15_15,True,ELIGIBLE,Type A,Q3_med_high
955,955.csv,development,development_70_15_15,True,ELIGIBLE,Type A,Q4_high
956,956.csv,development,development_70_15_15,True,ELIGIBLE,Type A,Q2_med_low
957,957.csv,development,development_70_15_15,True,ELIGIBLE,Type A,Q3_med_high
958,958.csv,development,development_70_15_15,True,ELIGIBLE,Type A,Q2_med_low
959,959.csv,development,development_70_15_15,True,ELIGIBLE,Type A,Q4_high
960,960.csv,development,development_70_15_15,True,ELIGIBLE,Type A,Q4_high
961,961.csv,development,development_70_15_15,True,ELIGIBLE,Type A,Q4_high
962,962.csv,development,development_70_15_15,True,ELIGIBLE,Type A,Q4_high
963,963.csv,development,development_70_15_15,True,ELIGIBLE,Type A,Q4_high
964,964.csv,unseen,inference_only,True,ELIGIBLE,Type A,Q3_med_high
965,965.csv,development,development_70_15_15,True,ELIGIBLE,Type A,Q4_high
966,966.csv,development,development_70_15_15,True,ELIGIBLE,Type A,Q4_high
967,967.csv,development,development_70_15_15,True,ELIGIBLE,Type A,Q4_high
968,968.csv,development,development_70_15_15,True,ELIGIBLE,Type A,Q1_low
969,969.csv,development,development_70_15_15,True,ELIGIBLE,Type A,Q4_high
970,970.csv,development,development_70_15_15,True,ELIGIBLE,Type A,Q4_high
971,971.csv,development,development_70_15_15,True,ELIGIBLE,Type A,Q4_high
972,972.csv,development,development_70_15_15,True,ELIGIBLE,Type A,Q4_high
973,973.csv,development,development_70_15_15,True,ELIGIBLE,Type A,Q4_high
974,974.csv,development,development_70_15_15,True,ELIGIBLE,Type A,Q4_high
975,975.csv,development,development_70_15_15,True,ELIGIBLE,Type A,Q4_high
976,976.csv,development,development_70_15_15,True,ELIGIBLE,Type A,Q4_high
977,977.csv,development,development_70_15_15,True,ELIGIBLE,Type A,Q4_high
978,978.csv,development,development_70_15_15,True,ELIGIBLE,Type A,Q4_high
979,979.csv,development,development_70_15_15,True,ELIGIBLE,Type A,Q4_high
980,980.csv,development,development_70_15_15,True,ELIGIBLE,Type A,Q4_high
981,981.csv,development,development_70_15_15,True,ELIGIBLE,Type A,Q4_high
982,982.csv,development,development_70_15_15,True,ELIGIBLE,Type A,Q4_high
983,983.csv,unseen,inference_only,True,ELIGIBLE,Type A,Q4_high
984,984.csv,development,development_70_15_15,True,ELIGIBLE,Type A,Q4_high
985,985.csv,unseen,inference_only,True,ELIGIBLE,Type A,Q4_high
986,986.csv,development,development_70_15_15,True,ELIGIBLE,Type A,Q4_high
987,987.csv,development,development_70_15_15,True,ELIGIBLE,Type A,Q4_high
988,988.csv,development,development_70_15_15,True,ELIGIBLE,Type A,Q4_high
989,989.csv,development,development_70_15_15,True,ELIGIBLE,Type A,Q4_high
990,990.csv,development,development_70_15_15,True,ELIGIBLE,Type A,Q4_high
991,991.csv,development,development_70_15_15,True,ELIGIBLE,Type A,Q4_high
992,992.csv,development,development_70_15_15,True,ELIGIBLE,Type A,Q4_high
993,993.csv,development,development_70_15_15,True,ELIGIBLE,Type A,Q4_high
994,994.csv,development,development_70_15_15,True,ELIGIBLE,Type A,Q4_high
995,995.csv,development,development_70_15_15,True,ELIGIBLE,Type A,Q4_high
996,996.csv,development,development_70_15_15,True,ELIGIBLE,Type A,Q4_high
997,997.csv,unseen,inference_only,True,ELIGIBLE,Type A,Q4_high
998,998.csv,development,development_70_15_15,True,ELIGIBLE,Type A,Q4_high
999,999.csv,development,development_70_15_15,True,ELIGIBLE,Type A,Q4_high
1000,1000.csv,development,development_70_15_15,True,ELIGIBLE,Type A,Q4_high
1001,1001.csv,development,development_70_15_15,True,ELIGIBLE,Type A,Q4_high
1002,1002.csv,development,development_70_15_15,True,ELIGIBLE,Type A,Q4_high
1003,1003.csv,development,development_70_15_15,True,ELIGIBLE,Type A,Q1_low
1004,1004.csv,development,development_70_15_15,True,ELIGIBLE,Type A,Q1_low
1005,1005.csv,development,development_70_15_15,True,ELIGIBLE,Type A,Q4_high
1006,1006.csv,development,development_70_15_15,True,ELIGIBLE,Type A,Q4_high
1007,1007.csv,development,development_70_15_15,True,ELIGIBLE,Type A,Q4_high
1008,1008.csv,unseen,inference_only,True,ELIGIBLE,Type A,Q1_low
1009,1009.csv,development,development_70_15_15,True,ELIGIBLE,Type A,Q2_med_low
1010,1010.csv,unseen,inference_only,True,ELIGIBLE,Type A,Q2_med_low
1011,1011.csv,development,development_70_15_15,True,ELIGIBLE,Type A,Q3_med_high
1012,1012.csv,development,development_70_15_15,True,ELIGIBLE,Type A,Q3_med_high
1013,1013.csv,development,development_70_15_15,True,ELIGIBLE,Type A,Q4_high
1014,1014.csv,unseen,inference_only,True,ELIGIBLE,Type A,Q4_high
1015,1015.csv,development,development_70_15_15,True,ELIGIBLE,Type A,Q4_high
1016,1016.csv,development,development_70_15_15,True,ELIGIBLE,Type A,Q4_high
1017,1017.csv,development,development_70_15_15,True,ELIGIBLE,Type A,Q3_med_high
1018,1018.csv,unseen,inference_only,True,ELIGIBLE,Type A,Q4_high
1019,1019.csv,unseen,inference_only,True,ELIGIBLE,Type A,Q4_high
1020,1020.csv,development,development_70_15_15,True,ELIGIBLE,Type A,Q4_high
1021,1021.csv,development,development_70_15_15,True,ELIGIBLE,Type A,Q3_med_high
1022,1022.csv,development,development_70_15_15,True,ELIGIBLE,Type A,Q4_high
1023,1023.csv,development,development_70_15_15,True,ELIGIBLE,Type A,Q3_med_high
1024,1024.csv,development,development_70_15_15,True,ELIGIBLE,Type A,Q3_med_high
1025,1025.csv,development,development_70_15_15,True,ELIGIBLE,Type A,Q3_med_high
1026,1026.csv,development,development_70_15_15,True,ELIGIBLE,Type A,Q3_med_high
1027,1027.csv,development,development_70_15_15,True,ELIGIBLE,Type A,Q4_high
1028,1028.csv,development,development_70_15_15,True,ELIGIBLE,Type A,Q4_high
1029,1029.csv,unseen,inference_only,True,ELIGIBLE,Type A,Q4_high
1030,1030.csv,development,development_70_15_15,True,ELIGIBLE,Type A,Q4_high
1031,1031.csv,development,development_70_15_15,True,ELIGIBLE,Type A,Q4_high
1032,1032.csv,development,development_70_15_15,True,ELIGIBLE,Type A,Q4_high
1033,1033.csv,unseen,inference_only,True,ELIGIBLE,Type A,Q4_high
1034,1034.csv,development,development_70_15_15,True,ELIGIBLE,Type A,Q1_low
1035,1035.csv,unseen,inference_only,True,ELIGIBLE,Type A,Q4_high
1036,1036.csv,development,development_70_15_15,True,ELIGIBLE,Type A,Q4_high
1037,1037.csv,development,development_70_15_15,True,ELIGIBLE,Type A,Q3_med_high
1038,1038.csv,unseen,inference_only,True,ELIGIBLE,Type A,Q3_med_high
1039,1039.csv,development,development_70_15_15,True,ELIGIBLE,Type A,Q3_med_high
1040,1040.csv,unseen,inference_only,True,ELIGIBLE,Type A,Q1_low
1041,1041.csv,development,development_70_15_15,True,ELIGIBLE,Type A,Q4_high
1042,1042.csv,development,development_70_15_15,True,ELIGIBLE,Type A,Q2_med_low
1043,1043.csv,development,development_70_15_15,True,ELIGIBLE,Type A,Q3_med_high
1044,1044.csv,development,development_70_15_15,True,ELIGIBLE,Type A,Q3_med_high
1045,1045.csv,development,development_70_15_15,True,ELIGIBLE,Type A,Q4_high
1046,1046.csv,development,development_70_15_15,True,ELIGIBLE,Type A,Q4_high
1047,1047.csv,development,development_70_15_15,True,ELIGIBLE,Type A,Q4_high
1048,1048.csv,development,development_70_15_15,True,ELIGIBLE,Type A,Q1_low
1049,1049.csv,development,development_70_15_15,True,ELIGIBLE,Type A,Q3_med_high
1050,1050.csv,development,development_70_15_15,True,ELIGIBLE,Type A,Q2_med_low
1051,1051.csv,development,development_70_15_15,True,ELIGIBLE,Type A,Q1_low
1052,1052.csv,development,development_70_15_15,True,ELIGIBLE,Type A,Q1_low
1053,1053.csv,development,development_70_15_15,True,ELIGIBLE,Type A,Q3_med_high
1054,1054.csv,development,development_70_15_15,True,ELIGIBLE,Type A,Q3_med_high
1055,1055.csv,development,development_70_15_15,True,ELIGIBLE,Type A,Q4_high
1056,1056.csv,development,development_70_15_15,True,ELIGIBLE,Type A,Q3_med_high
1057,1057.csv,development,development_70_15_15,True,ELIGIBLE,Type A,Q1_low
1058,1058.csv,development,development_70_15_15,True,ELIGIBLE,Type A,Q3_med_high
1059,1059.csv,development,development_70_15_15,True,ELIGIBLE,Type A,Q3_med_high
1060,1060.csv,development,development_70_15_15,True,ELIGIBLE,Type A,Q3_med_high
1061,1061.csv,development,development_70_15_15,True,ELIGIBLE,Type A,Q4_high
1062,1062.csv,unseen,inference_only,True,ELIGIBLE,Type A,Q4_high
1063,1063.csv,development,development_70_15_15,True,ELIGIBLE,Type A,Q3_med_high
1064,1064.csv,development,development_70_15_15,True,ELIGIBLE,Type A,Q2_med_low
1065,1065.csv,development,development_70_15_15,True,ELIGIBLE,Type A,Q1_low
1066,1066.csv,development,development_70_15_15,True,ELIGIBLE,Type A,Q2_med_low
1067,1067.csv,development,development_70_15_15,True,ELIGIBLE,Type A,Q3_med_high
1068,1068.csv,development,development_70_15_15,True,ELIGIBLE,Type A,Q4_high
1069,1069.csv,development,development_70_15_15,True,ELIGIBLE,Type A,Q1_low
1070,1070.csv,development,development_70_15_15,True,ELIGIBLE,Type A,Q3_med_high
1071,1071.csv,development,development_70_15_15,True,ELIGIBLE,Type A,Q3_med_high
1072,1072.csv,development,development_70_15_15,True,ELIGIBLE,Type A,Q2_med_low
1073,1073.csv,development,development_70_15_15,True,ELIGIBLE,Type A,Q1_low
1074,1074.csv,development,development_70_15_15,True,ELIGIBLE,Type A,Q1_low
1075,1075.csv,development,development_70_15_15,True,ELIGIBLE,Type A,Q3_med_high
1076,1076.csv,development,development_70_15_15,True,ELIGIBLE,Type A,Q1_low
1077,1077.csv,development,development_70_15_15,True,ELIGIBLE,Type A,Q2_med_low
1078,1078.csv,development,development_70_15_15,True,ELIGIBLE,Type A,Q1_low
1079,1079.csv,development,development_70_15_15,True,ELIGIBLE,Type A,Q1_low
1080,1080.csv,development,development_70_15_15,True,ELIGIBLE,Type A,Q3_med_high
1081,1081.csv,development,development_70_15_15,True,ELIGIBLE,Type A,Q3_med_high
1082,1082.csv,development,development_70_15_15,True,ELIGIBLE,Type A,Q3_med_high
1083,1083.csv,unseen,inference_only,True,ELIGIBLE,Type A,Q2_med_low
1084,1084.csv,development,development_70_15_15,True,ELIGIBLE,Type A,Q4_high
1085,1085.csv,unseen,inference_only,True,ELIGIBLE,Type A,Q4_high
1086,1086.csv,unseen,inference_only,True,ELIGIBLE,Type A,Q2_med_low
1087,1087.csv,development,development_70_15_15,True,ELIGIBLE,Type A,Q1_low
1088,1088.csv,development,development_70_15_15,True,ELIGIBLE,Type A,Q1_low
1089,1089.csv,development,development_70_15_15,True,ELIGIBLE,Type A,Q1_low
1090,1090.csv,development,development_70_15_15,True,ELIGIBLE,Type A,Q3_med_high
1091,1091.csv,development,development_70_15_15,True,ELIGIBLE,Type A,Q4_high
1092,1092.csv,unseen,inference_only,True,ELIGIBLE,Type A,Q4_high
1093,1093.csv,development,development_70_15_15,True,ELIGIBLE,Type A,Q4_high
1094,1094.csv,development,development_70_15_15,True,ELIGIBLE,Type A,Q4_high
1095,1095.csv,unseen,inference_only,True,ELIGIBLE,Type A,Q2_med_low
1096,1096.csv,development,development_70_15_15,True,ELIGIBLE,Type A,Q3_med_high
1097,1097.csv,development,development_70_15_15,True,ELIGIBLE,Type A,Q4_high
1098,1098.csv,development,development_70_15_15,True,ELIGIBLE,Type A,Q3_med_high
1099,1099.csv,development,development_70_15_15,True,ELIGIBLE,Type A,Q4_high
1100,1100.csv,development,development_70_15_15,True,ELIGIBLE,Type A,Q3_med_high
1101,1101.csv,development,development_70_15_15,True,ELIGIBLE,Type A,Q2_med_low
1102,1102.csv,development,development_70_15_15,True,ELIGIBLE,Type A,Q3_med_high
1103,1103.csv,development,development_70_15_15,True,ELIGIBLE,Type A,Q4_high
1104,1104.csv,development,development_70_15_15,True,ELIGIBLE,Type A,Q3_med_high
1105,1105.csv,unseen,inference_only,True,ELIGIBLE,Type A,Q4_high
1106,1106.csv,unseen,inference_only,True,ELIGIBLE,Type A,Q4_high
1107,1107.csv,development,development_70_15_15,True,ELIGIBLE,Type A,Q4_high
1108,1108.csv,unseen,inference_only,True,ELIGIBLE,Type A,Q4_high
1109,1109.csv,unseen,inference_only,True,ELIGIBLE,Type A,Q4_high
1110,1110.csv,development,development_70_15_15,True,ELIGIBLE,Type A,Q4_high
1111,1111.csv,development,development_70_15_15,True,ELIGIBLE,Type A,Q3_med_high
1112,1112.csv,development,development_70_15_15,True,ELIGIBLE,Type A,Q2_med_low
1113,1113.csv,development,development_70_15_15,True,ELIGIBLE,Type A,Q1_low
1114,1114.csv,development,development_70_15_15,True,ELIGIBLE,Type A,Q4_high
1115,1115.csv,development,development_70_15_15,True,ELIGIBLE,Type A,Q3_med_high
1116,1116.csv,development,development_70_15_15,True,ELIGIBLE,Type A,Q4_high
1117,1117.csv,unseen,inference_only,True,ELIGIBLE,Type A,Q3_med_high
1118,1118.csv,development,development_70_15_15,True,ELIGIBLE,Type A,Q3_med_high
1119,1119.csv,development,development_70_15_15,True,ELIGIBLE,Type A,Q3_med_high
1120,1120.csv,unseen,inference_only,True,ELIGIBLE,Type A,Q1_low
1121,1121.csv,development,development_70_15_15,True,ELIGIBLE,Type A,Q4_high
1122,1122.csv,development,development_70_15_15,True,ELIGIBLE,Type A,Q1_low
1123,1123.csv,development,development_70_15_15,True,ELIGIBLE,Type A,Q1_low
1124,1124.csv,development,development_70_15_15,True,ELIGIBLE,Type A,Q2_med_low
1125,1125.csv,development,development_70_15_15,True,ELIGIBLE,Type A,Q3_med_high
1126,1126.csv,development,development_70_15_15,True,ELIGIBLE,Type A,Q3_med_high
1127,1127.csv,development,development_70_15_15,True,ELIGIBLE,Type A,Q4_high
1128,1128.csv,unseen,inference_only,True,ELIGIBLE,Type A,Q4_high
1129,1129.csv,development,development_70_15_15,True,ELIGIBLE,Type A,Q4_high
1130,1130.csv,development,development_70_15_15,True,ELIGIBLE,Type A,Q4_high
1131,1131.csv,unseen,inference_only,True,ELIGIBLE,Type A,Q4_high
1132,1132.csv,unseen,inference_only,True,ELIGIBLE,Type A,Q1_low
1133,1133.csv,development,development_70_15_15,True,ELIGIBLE,Type A,Q4_high
1134,1134.csv,development,development_70_15_15,True,ELIGIBLE,Type A,Q4_high
1135,1135.csv,unseen,inference_only,True,ELIGIBLE,Type A,Q4_high
1136,1136.csv,development,development_70_15_15,True,ELIGIBLE,Type A,Q1_low
1137,1137.csv,development,development_70_15_15,True,ELIGIBLE,Type A,Q3_med_high
1138,1138.csv,unseen,inference_only,True,ELIGIBLE,Type A,Q2_med_low
1139,1139.csv,development,development_70_15_15,True,ELIGIBLE,Type A,Q1_low
1140,1140.csv,development,development_70_15_15,True,ELIGIBLE,Type A,Q3_med_high
1141,1141.csv,development,development_70_15_15,True,ELIGIBLE,Type A,Q3_med_high
1142,1142.csv,development,development_70_15_15,True,ELIGIBLE,Type A,Q3_med_high
1143,1143.csv,development,development_70_15_15,True,ELIGIBLE,Type A,Q4_high
1144,1144.csv,development,development_70_15_15,True,ELIGIBLE,Type A,Q1_low
1145,1145.csv,development,development_70_15_15,True,ELIGIBLE,Type A,Q4_high
1146,1146.csv,development,development_70_15_15,True,ELIGIBLE,Type A,Q3_med_high
1147,1147.csv,development,development_70_15_15,True,ELIGIBLE,Type A,Q3_med_high
1148,1148.csv,development,development_70_15_15,True,ELIGIBLE,Type A,Q2_med_low
1149,1149.csv,development,development_70_15_15,True,ELIGIBLE,Type A,Q3_med_high
1150,1150.csv,development,development_70_15_15,True,ELIGIBLE,Type A,Q1_low
1151,1151.csv,development,development_70_15_15,True,ELIGIBLE,Type A,Q1_low
1152,1152.csv,development,development_70_15_15,True,ELIGIBLE,Type A,Q3_med_high
1153,1153.csv,development,development_70_15_15,True,ELIGIBLE,Type A,Q4_high
1154,1154.csv,development,development_70_15_15,True,ELIGIBLE,Type A,Q4_high
1155,1155.csv,development,development_70_15_15,True,ELIGIBLE,Type A,Q4_high
1156,1156.csv,unseen,inference_only,True,ELIGIBLE,Type A,Q4_high
1157,1157.csv,development,development_70_15_15,True,ELIGIBLE,Type A,Q1_low
1158,1158.csv,development,development_70_15_15,True,ELIGIBLE,Type A,Q3_med_high
1159,1159.csv,unseen,inference_only,True,ELIGIBLE,Type A,Q3_med_high
1160,1160.csv,development,development_70_15_15,True,ELIGIBLE,Type A,Q3_med_high
1161,1161.csv,development,development_70_15_15,True,ELIGIBLE,Type A,Q3_med_high
1162,1162.csv,development,development_70_15_15,True,ELIGIBLE,Type A,Q1_low
1163,1163.csv,development,development_70_15_15,True,ELIGIBLE,Type A,Q2_med_low
1164,1164.csv,development,development_70_15_15,True,ELIGIBLE,Type A,Q1_low
1165,1165.csv,development,development_70_15_15,True,ELIGIBLE,Type A,Q3_med_high
1166,1166.csv,unseen,inference_only,True,ELIGIBLE,Type A,Q3_med_high
1167,1167.csv,development,development_70_15_15,True,ELIGIBLE,Type A,Q1_low
1168,1168.csv,development,development_70_15_15,True,ELIGIBLE,Type A,Q4_high
1169,1169.csv,development,development_70_15_15,True,ELIGIBLE,Type A,Q4_high
1170,1170.csv,unseen,inference_only,True,ELIGIBLE,Type A,Q4_high
1171,1171.csv,development,development_70_15_15,True,ELIGIBLE,Type A,Q3_med_high
1172,1172.csv,development,development_70_15_15,True,ELIGIBLE,Type A,Q4_high
1173,1173.csv,development,development_70_15_15,True,ELIGIBLE,Type A,Q3_med_high
1174,1174.csv,development,development_70_15_15,True,ELIGIBLE,Type A,Q4_high
1175,1175.csv,development,development_70_15_15,True,ELIGIBLE,Type A,Q4_high
1176,1176.csv,unseen,inference_only,True,ELIGIBLE,Type A,Q3_med_high
1177,1177.csv,development,development_70_15_15,True,ELIGIBLE,Type A,Q3_med_high
1178,1178.csv,development,development_70_15_15,True,ELIGIBLE,Type A,Q3_med_high
1179,1179.csv,development,development_70_15_15,True,ELIGIBLE,Type A,Q1_low
1180,1180.csv,development,development_70_15_15,True,ELIGIBLE,Type A,Q3_med_high
1181,1181.csv,development,development_70_15_15,True,ELIGIBLE,Type A,Q3_med_high
1182,1182.csv,development,development_70_15_15,True,ELIGIBLE,Type A,Q4_high
1183,1183.csv,development,development_70_15_15,True,ELIGIBLE,Type A,Q3_med_high
1184,1184.csv,development,development_70_15_15,True,ELIGIBLE,Type A,Q1_low
1185,1185.csv,development,development_70_15_15,True,ELIGIBLE,Type A,Q3_med_high
1186,1186.csv,development,development_70_15_15,True,ELIGIBLE,Type A,Q3_med_high
1187,1187.csv,development,development_70_15_15,True,ELIGIBLE,Type A,Q1_low
1188,1188.csv,development,development_70_15_15,True,ELIGIBLE,Type A,Q2_med_low
1189,1189.csv,development,development_70_15_15,True,ELIGIBLE,Type A,Q2_med_low
1190,1190.csv,development,development_70_15_15,True,ELIGIBLE,Type A,Q4_high
1191,1191.csv,development,development_70_15_15,True,ELIGIBLE,Type A,Q4_high
1192,1192.csv,unseen,inference_only,True,ELIGIBLE,Type A,Q3_med_high
1193,1193.csv,development,development_70_15_15,True,ELIGIBLE,Type A,Q4_high
1194,1194.csv,development,development_70_15_15,True,ELIGIBLE,Type A,Q4_high
1195,1195.csv,development,development_70_15_15,True,ELIGIBLE,Type A,Q4_high
1196,1196.csv,development,development_70_15_15,True,ELIGIBLE,Type A,Q3_med_high
1197,1197.csv,development,development_70_15_15,True,ELIGIBLE,Type A,Q4_high
1198,1198.csv,development,development_70_15_15,True,ELIGIBLE,Type A,Q4_high
1199,1199.csv,development,development_70_15_15,True,ELIGIBLE,Type A,Q1_low
1200,1200.csv,development,development_70_15_15,True,ELIGIBLE,Type A,Q3_med_high
1201,1201.csv,development,development_70_15_15,True,ELIGIBLE,Type A,Q3_med_high
1202,1202.csv,development,development_70_15_15,True,ELIGIBLE,Type A,Q3_med_high
1203,1203.csv,development,development_70_15_15,True,ELIGIBLE,Type A,Q2_med_low
1204,1204.csv,development,development_70_15_15,True,ELIGIBLE,Type A,Q1_low
1205,1205.csv,development,development_70_15_15,True,ELIGIBLE,Type A,Q4_high
1206,1206.csv,development,development_70_15_15,True,ELIGIBLE,Type A,Q4_high
1207,1207.csv,unseen,inference_only,True,ELIGIBLE,Type A,Q4_high
1208,1208.csv,development,development_70_15_15,True,ELIGIBLE,Type A,Q4_high
1209,1209.csv,excluded,excluded,False,ACTIVE_DURATION_UNDER_25H (117 steps < 300),Transient,excluded
1210,1210.csv,unseen,inference_only,True,ELIGIBLE,Type A,Q1_low
1211,1211.csv,excluded,excluded,False,ACTIVE_DURATION_UNDER_25H (39 steps < 300),Transient,excluded
1212,1212.csv,development,development_70_15_15,True,ELIGIBLE,Type A,Q1_low
1213,1213.csv,development,development_70_15_15,True,ELIGIBLE,Type B,Q1_low
1214,1214.csv,unseen,inference_only,True,ELIGIBLE,Type B,Q3_med_high
1215,1215.csv,development,development_70_15_15,True,ELIGIBLE,Type A,Q2_med_low
1216,1216.csv,development,development_70_15_15,True,ELIGIBLE,Type A,Q4_high
1217,1217.csv,development,development_70_15_15,True,ELIGIBLE,Type A,Q3_med_high
1218,1218.csv,development,development_70_15_15,True,ELIGIBLE,Type B,Q3_med_high
1219,1219.csv,unseen,inference_only,True,ELIGIBLE,Type A,Q3_med_high
1220,1220.csv,development,development_70_15_15,True,ELIGIBLE,Type A,Q1_low
1221,1221.csv,development,development_70_15_15,True,ELIGIBLE,Type A,Q2_med_low
1222,1222.csv,development,development_70_15_15,True,ELIGIBLE,Type A,Q3_med_high
1223,1223.csv,development,development_70_15_15,True,ELIGIBLE,Type A,Q1_low
1224,1224.csv,development,development_70_15_15,True,ELIGIBLE,Type A,Q1_low
1225,1225.csv,development,development_70_15_15,True,ELIGIBLE,Type A,Q4_high
1226,1226.csv,development,development_70_15_15,True,ELIGIBLE,Type A,Q4_high
1227,1227.csv,development,development_70_15_15,True,ELIGIBLE,Type A,Q3_med_high
1228,1228.csv,development,development_70_15_15,True,ELIGIBLE,Type A,Q4_high
1229,1229.csv,development,development_70_15_15,True,ELIGIBLE,Type A,Q4_high
1230,1230.csv,development,development_70_15_15,True,ELIGIBLE,Type A,Q3_med_high
1231,1231.csv,unseen,inference_only,True,ELIGIBLE,Type A,Q4_high
1232,1232.csv,development,development_70_15_15,True,ELIGIBLE,Type A,Q4_high
1233,1233.csv,development,development_70_15_15,True,ELIGIBLE,Type A,Q4_high
1234,1234.csv,unseen,inference_only,True,ELIGIBLE,Type A,Q1_low
1235,1235.csv,development,development_70_15_15,True,ELIGIBLE,Type A,Q1_low
1236,1236.csv,development,development_70_15_15,True,ELIGIBLE,Type A,Q4_high
1237,1237.csv,development,development_70_15_15,True,ELIGIBLE,Type A,Q4_high
1238,1238.csv,development,development_70_15_15,True,ELIGIBLE,Type A,Q3_med_high
1239,1239.csv,excluded,excluded,False,ACTIVE_DURATION_UNDER_25H (274 steps < 300),Transient,excluded
1240,1240.csv,excluded,excluded,False,ACTIVE_DURATION_UNDER_25H (275 steps < 300),Transient,excluded
1241,1241.csv,excluded,excluded,False,ACTIVE_DURATION_UNDER_25H (274 steps < 300),Transient,excluded
1242,1242.csv,excluded,excluded,False,ACTIVE_DURATION_UNDER_25H (274 steps < 300),Transient,excluded
1243,1243.csv,excluded,excluded,False,ACTIVE_DURATION_UNDER_25H (274 steps < 300),Transient,excluded
1244,1244.csv,excluded,excluded,False,ACTIVE_DURATION_UNDER_25H (274 steps < 300),Transient,excluded
1245,1245.csv,excluded,excluded,False,ACTIVE_DURATION_UNDER_25H (274 steps < 300),Transient,excluded
1246,1246.csv,excluded,excluded,False,ACTIVE_DURATION_UNDER_25H (274 steps < 300),Transient,excluded
1247,1247.csv,excluded,excluded,False,ACTIVE_DURATION_UNDER_25H (274 steps < 300),Transient,excluded
1248,1248.csv,excluded,excluded,False,ACTIVE_DURATION_UNDER_25H (274 steps < 300),Transient,excluded
1249,1249.csv,excluded,excluded,False,ACTIVE_DURATION_UNDER_25H (274 steps < 300),Transient,excluded
1250,1250.csv,excluded,excluded,False,ACTIVE_DURATION_UNDER_25H (274 steps < 300),Transient,excluded
