vm_id,population,train_windows,validation_windows,test_windows,total_split_windows,whole_trace_valid_windows,boundary_excluded_windows
1,development,5749,997,997,7743,8341,598
2,unseen,0,0,0,0,246,246
3,development,5449,997,997,7443,8041,598
4,development,82,0,0,82,246,164
5,development,82,0,0,82,246,164
6,development,82,0,0,82,246,164
7,development,82,0,0,82,246,164
8,development,82,0,0,82,246,164
9,development,82,0,0,82,246,164
10,development,82,0,0,82,246,164
11,unseen,0,0,0,0,8341,8341
12,development,5749,997,997,7743,8341,598
13,development,5749,997,997,7743,8341,598
14,unseen,0,0,0,0,246,246
15,development,5449,997,997,7443,8041,598
16,development,82,0,0,82,246,164
17,development,5749,997,997,7743,8341,598
18,development,82,0,0,82,246,164
19,development,82,0,0,82,246,164
20,development,118,0,0,118,298,180
21,unseen,0,0,0,0,8341,8341
22,development,5749,997,997,7743,8341,598
23,development,5749,997,965,7711,8041,330
24,development,5448,575,965,6988,7287,299
25,development,5448,575,965,6988,7287,299
26,development,5749,575,965,7289,7588,299
27,development,5749,997,965,7711,8041,330
28,unseen,0,0,0,0,8041,8041
29,development,5749,997,997,7743,8341,598
30,unseen,0,0,0,0,8341,8341
31,development,5448,997,965,7410,7740,330
32,development,5448,842,965,7255,7554,299
33,development,5749,575,965,7289,7588,299
34,development,5448,697,962,7107,7437,330
35,development,5448,997,965,7410,7740,330
36,development,5448,997,965,7410,7740,330
37,development,5749,997,997,7743,8341,598
38,development,5449,997,997,7443,8041,598
39,unseen,0,0,0,0,8041,8041
40,development,5448,697,962,7107,7437,330
41,development,1870,165,167,2202,2800,598
42,development,5749,997,965,7711,8041,330
43,unseen,0,0,0,0,8341,8341
44,development,5449,997,997,7443,8041,598
45,development,5749,997,997,7743,8341,598
46,development,5749,997,997,7743,8341,598
47,development,5449,997,997,7443,8041,598
48,development,5040,909,911,6860,7458,598
49,unseen,0,0,0,0,7762,7762
50,development,5449,997,997,7443,8041,598
51,development,5449,997,997,7443,8041,598
52,development,5042,909,911,6862,7460,598
53,development,2516,304,305,3125,3723,598
54,development,5749,997,997,7743,8341,598
55,development,5749,997,997,7743,8341,598
56,development,5449,997,997,7443,8041,598
57,unseen,0,0,0,0,7740,7740
58,development,5749,575,965,7289,7588,299
59,excluded,0,0,0,0,0,0
60,development,5749,997,997,7743,8341,598
61,development,473,0,0,473,804,331
62,development,5749,997,965,7711,8041,330
63,development,5749,997,965,7711,8041,330
64,development,5448,997,997,7442,8040,598
65,development,5449,997,997,7443,8041,598
66,unseen,0,0,0,0,8041,8041
67,unseen,0,0,0,0,7588,7588
68,unseen,0,0,0,0,2520,2520
69,development,5449,997,997,7443,8041,598
70,unseen,0,0,0,0,7738,7738
71,development,5749,575,965,7289,7588,299
72,development,1671,123,124,1918,2516,598
73,unseen,0,0,0,0,807,807
74,unseen,0,0,0,0,7741,7741
75,development,5448,575,965,6988,7287,299
76,development,5448,842,965,7255,7554,299
77,development,5749,575,965,7289,7588,299
78,development,5448,997,965,7410,7740,330
79,unseen,0,0,0,0,5833,5833
80,development,5448,997,965,7410,7740,330
81,development,5749,997,965,7711,8041,330
82,unseen,0,0,0,0,2516,2516
83,development,1049,0,0,1049,1627,578
84,development,5448,697,965,7110,7440,330
85,development,5749,697,962,7408,7738,330
86,development,5749,836,965,7550,7849,299
87,development,66,0,0,66,223,157
88,development,5749,997,997,7743,8341,598
89,unseen,0,0,0,0,8341,8341
90,development,5749,997,997,7743,8341,598
91,development,5749,997,997,7743,8341,598
92,unseen,0,0,0,0,8341,8341
93,unseen,0,0,0,0,7740,7740
94,development,1671,123,124,1918,2516,598
95,unseen,0,0,0,0,7440,7440
96,development,2515,304,304,3123,3721,598
97,development,475,0,0,475,807,332
98,unseen,0,0,0,0,7287,7287
99,development,5448,997,965,7410,7740,330
100,development,1674,123,125,1922,2520,598
101,development,1674,123,125,1922,2520,598
102,development,5448,997,965,7410,7740,330
103,unseen,0,0,0,0,2520,2520
104,development,1674,123,125,1922,2520,598
105,development,762,56,58,876,1474,598
106,unseen,0,0,0,0,7287,7287
107,unseen,0,0,0,0,7727,7727
108,development,5448,575,965,6988,7287,299
109,unseen,0,0,0,0,7554,7554
110,development,5749,575,965,7289,7588,299
111,unseen,0,0,0,0,8041,8041
112,development,5448,575,965,6988,7287,299
113,unseen,0,0,0,0,7274,7274
114,development,5749,575,965,7289,7588,299
115,development,5448,697,962,7107,7437,330
116,development,5749,997,965,7711,8041,330
117,development,5749,997,965,7711,8041,330
118,development,5448,842,965,7255,7554,299
119,unseen,0,0,0,0,7849,7849
120,unseen,0,0,0,0,7588,7588
121,development,5448,575,965,6988,7287,299
122,development,5448,997,965,7410,7740,330
123,development,5448,697,962,7107,7437,330
124,development,5749,842,965,7556,7855,299
125,development,5448,842,965,7255,7554,299
126,development,5448,575,965,6988,7287,299
127,development,5749,575,965,7289,7588,299
128,unseen,0,0,0,0,7588,7588
129,unseen,0,0,0,0,7588,7588
130,unseen,0,0,0,0,1467,1467
131,development,5749,842,965,7556,7855,299
132,development,5749,997,965,7711,8041,330
133,development,5749,575,965,7289,7588,299
134,development,5448,842,965,7255,7554,299
135,development,5749,997,965,7711,8041,330
136,development,5749,575,965,7289,7588,299
137,development,5749,575,965,7289,7588,299
138,development,5749,997,965,7711,8041,330
139,development,5749,997,965,7711,8041,330
140,unseen,0,0,0,0,8041,8041
141,development,5749,997,997,7743,8341,598
142,development,5749,997,997,7743,8341,598
143,unseen,0,0,0,0,7588,7588
144,unseen,0,0,0,0,7588,7588
145,development,5749,575,965,7289,7588,299
146,unseen,0,0,0,0,7588,7588
147,development,5749,575,965,7289,7588,299
148,development,5749,575,965,7289,7588,299
149,development,5448,842,965,7255,7554,299
150,development,4519,733,735,5987,6585,598
151,development,5448,997,965,7410,7740,330
152,development,4218,733,735,5686,6284,598
153,development,5448,697,965,7110,7440,330
154,development,5448,842,965,7255,7554,299
155,development,5448,997,965,7410,7740,330
156,development,5448,575,965,6988,7287,299
157,development,5271,767,960,6998,7302,304
158,development,5448,842,965,7255,7554,299
159,development,5448,575,965,6988,7287,299
160,development,5448,575,965,6988,7287,299
161,excluded,0,0,0,0,0,0
162,excluded,0,0,0,0,0,0
163,development,5448,836,965,7249,7548,299
164,development,5448,997,965,7410,7740,330
165,development,5749,997,965,7711,8041,330
166,development,5448,697,965,7110,7440,330
167,development,5448,997,965,7410,7740,330
168,development,1320,48,49,1417,2015,598
169,unseen,0,0,0,0,8341,8341
170,development,5449,997,997,7443,8041,598
171,development,5749,997,997,7743,8341,598
172,unseen,0,0,0,0,7287,7287
173,development,5749,575,965,7289,7588,299
174,development,5229,949,951,7129,7727,598
175,development,5448,997,962,7407,7737,330
176,unseen,0,0,0,0,8041,8041
177,development,5749,997,997,7743,8341,598
178,development,5449,997,997,7443,8041,598
179,unseen,0,0,0,0,2516,2516
180,development,1671,123,124,1918,2516,598
181,development,5448,997,965,7410,7740,330
182,development,5448,997,965,7410,7740,330
183,development,4513,796,798,6107,6705,598
184,development,4814,796,798,6408,7006,598
185,development,4513,796,498,5807,6405,598
186,development,4513,796,415,5724,6322,598
187,development,4513,796,798,6107,6705,598
188,development,4513,796,415,5724,6322,598
189,unseen,0,0,0,0,7006,7006
190,development,4513,796,498,5807,6405,598
191,development,4513,796,798,6107,6705,598
192,development,4513,796,798,6107,6705,598
193,unseen,0,0,0,0,6405,6405
194,development,4814,796,798,6408,7006,598
195,unseen,0,0,0,0,6705,6705
196,development,4814,796,798,6408,7006,598
197,development,4513,796,415,5724,6322,598
198,development,4513,796,498,5807,6405,598
199,development,4513,796,798,6107,6705,598
200,development,4513,796,415,5724,6322,598
201,development,4513,796,798,6107,6705,598
202,development,4814,796,415,6025,6623,598
203,development,4513,796,798,6107,6705,598
204,development,4513,796,798,6107,6705,598
205,unseen,0,0,0,0,7006,7006
206,unseen,0,0,0,0,6706,6706
207,development,4513,796,798,6107,6705,598
208,development,4513,796,415,5724,6322,598
209,development,4671,242,831,5744,6177,433
210,development,4514,796,414,5724,6322,598
211,unseen,0,0,0,0,6630,6630
212,development,4514,796,798,6108,6706,598
213,unseen,0,0,0,0,6931,6931
214,development,4815,796,798,6409,7007,598
215,development,4815,796,674,6285,6883,598
216,development,4815,796,798,6409,7007,598
217,development,4514,796,414,5724,6322,598
218,development,4815,796,798,6409,7007,598
219,development,4962,691,829,6482,6917,435
220,development,4949,686,827,6462,6899,437
221,development,4948,233,827,6008,6445,437
222,development,4948,686,827,6461,6898,437
223,development,4948,686,827,6461,6898,437
224,development,4948,686,827,6461,6898,437
225,unseen,0,0,0,0,6597,6597
226,development,4647,385,826,5858,6293,435
227,development,4647,232,826,5705,6140,435
228,development,4647,232,826,5705,6143,438
229,development,4661,238,829,5728,6163,435
230,unseen,0,0,0,0,6444,6444
231,development,4948,499,826,6273,6711,438
232,development,4947,232,826,6005,6443,438
233,development,4947,232,826,6005,6443,438
234,development,4947,232,826,6005,6443,438
235,development,4646,499,826,5971,6409,438
236,development,4646,232,826,5704,6142,438
237,development,4646,499,826,5971,6409,438
238,development,4947,232,826,6005,6443,438
239,development,5448,575,965,6988,7287,299
240,development,5448,575,965,6988,7287,299
241,development,5749,575,965,7289,7588,299
242,unseen,0,0,0,0,7588,7588
243,development,5749,575,965,7289,7588,299
244,development,5749,575,962,7286,7585,299
245,development,5749,575,965,7289,7588,299
246,development,5749,575,965,7289,7588,299
247,development,5749,575,965,7289,7588,299
248,development,5749,997,965,7711,8041,330
249,development,5448,575,962,6985,7284,299
250,development,5749,575,965,7289,7588,299
251,unseen,0,0,0,0,7588,7588
252,development,5448,697,965,7110,7440,330
253,development,5749,997,965,7711,8041,330
254,development,5448,575,965,6988,7287,299
255,development,5749,575,965,7289,7588,299
256,unseen,0,0,0,0,7588,7588
257,development,5448,575,965,6988,7287,299
258,development,5749,575,965,7289,7588,299
259,development,5749,575,965,7289,7588,299
260,development,5749,575,965,7289,7588,299
261,unseen,0,0,0,0,7287,7287
262,development,5448,575,965,6988,7287,299
263,unseen,0,0,0,0,7588,7588
264,development,5448,697,965,7110,7440,330
265,development,5448,575,965,6988,7287,299
266,development,5448,997,965,7410,7740,330
267,development,5749,575,962,7286,7585,299
268,unseen,0,0,0,0,8041,8041
269,unseen,0,0,0,0,8041,8041
270,development,5749,842,965,7556,7855,299
271,development,5749,997,965,7711,8041,330
272,unseen,0,0,0,0,8041,8041
273,unseen,0,0,0,0,7848,7848
274,development,5448,997,965,7410,7740,330
275,development,5749,575,965,7289,7588,299
276,development,5749,697,965,7411,7741,330
277,development,5448,842,965,7255,7554,299
278,development,5448,997,965,7410,7740,330
279,development,5448,997,965,7410,7740,330
280,development,5448,575,962,6985,7284,299
281,unseen,0,0,0,0,7855,7855
282,development,5448,842,965,7255,7554,299
283,development,5749,997,965,7711,8041,330
284,development,5749,575,965,7289,7588,299
285,development,5749,997,965,7711,8041,330
286,development,5448,575,965,6988,7287,299
287,development,5448,575,965,6988,7287,299
288,development,5448,575,965,6988,7287,299
289,development,5749,575,965,7289,7588,299
290,development,5448,575,965,6988,7287,299
291,unseen,0,0,0,0,7588,7588
292,development,5448,842,965,7255,7554,299
293,development,5448,697,965,7110,7440,330
294,development,5749,997,965,7711,8041,330
295,development,5749,997,965,7711,8041,330
296,development,5448,575,965,6988,7287,299
297,development,5749,575,965,7289,7588,299
298,development,5448,575,965,6988,7287,299
299,development,5448,697,965,7110,7440,330
300,development,5448,997,965,7410,7740,330
301,development,5448,836,965,7249,7548,299
302,development,5448,997,965,7410,7740,330
303,development,404,13,14,431,1029,598
304,development,554,13,14,581,1179,598
305,unseen,0,0,0,0,7287,7287
306,unseen,0,0,0,0,7588,7588
307,development,5448,575,965,6988,7287,299
308,development,404,13,14,431,1029,598
309,unseen,0,0,0,0,1029,1029
310,development,557,13,14,584,1182,598
311,development,5448,697,965,7110,7440,330
312,excluded,0,0,0,0,0,0
313,development,3440,566,568,4574,5172,598
314,excluded,0,0,0,0,0,0
315,development,5448,997,965,7410,7740,330
316,excluded,0,0,0,0,0,0
317,development,5749,997,997,7743,8341,598
318,development,3584,233,534,4351,4949,598
319,development,5749,997,965,7711,8041,330
320,unseen,0,0,0,0,8341,8341
321,development,5749,997,997,7743,8341,598
322,development,5749,997,997,7743,8341,598
323,development,5449,997,997,7443,8041,598
324,development,5749,997,997,7743,8341,598
325,unseen,0,0,0,0,8341,8341
326,development,5749,997,997,7743,8341,598
327,development,5749,997,997,7743,8341,598
328,unseen,0,0,0,0,8341,8341
329,development,5749,575,965,7289,7588,299
330,development,5449,997,997,7443,8041,598
331,unseen,0,0,0,0,5180,5180
332,development,5749,997,997,7743,8341,598
333,unseen,0,0,0,0,8341,8341
334,development,5749,997,965,7711,8041,330
335,unseen,0,0,0,0,7588,7588
336,unseen,0,0,0,0,3721,3721
337,development,5749,697,965,7411,7741,330
338,unseen,0,0,0,0,5562,5562
339,development,5448,575,965,6988,7287,299
340,development,5448,997,965,7410,7740,330
341,development,5448,575,965,6988,7287,299
342,development,876,56,58,990,1588,598
343,development,5749,575,965,7289,7588,299
344,development,5749,997,965,7711,8041,330
345,development,5448,997,965,7410,7740,330
346,development,5448,697,962,7107,7437,330
347,development,5749,997,997,7743,8341,598
348,development,5749,997,965,7711,8041,330
349,development,5749,575,965,7289,7588,299
350,development,5749,997,965,7711,8041,330
351,development,5749,997,965,7711,8041,330
352,development,5749,997,965,7711,8041,330
353,development,5749,997,997,7743,8341,598
354,development,5449,997,997,7443,8041,598
355,development,475,0,0,475,807,332
356,development,5749,575,965,7289,7588,299
357,development,5749,997,965,7711,8041,330
358,development,5449,997,997,7443,8041,598
359,development,473,0,0,473,804,331
360,development,5449,997,997,7443,8041,598
361,unseen,0,0,0,0,7382,7382
362,development,5448,997,965,7410,7740,330
363,development,5448,575,965,6988,7287,299
364,development,1674,123,125,1922,2520,598
365,excluded,0,0,0,0,0,0
366,development,5749,697,965,7411,7741,330
367,development,5448,697,965,7110,7440,330
368,development,5749,575,965,7289,7588,299
369,development,5448,835,965,7248,7547,299
370,development,5448,835,965,7248,7547,299
371,unseen,0,0,0,0,7287,7287
372,development,5749,836,965,7550,7849,299
373,unseen,0,0,0,0,7588,7588
374,development,5749,997,965,7711,8041,330
375,development,5749,575,965,7289,7588,299
376,development,5749,836,965,7550,7849,299
377,development,5749,575,965,7289,7588,299
378,development,5749,997,965,7711,8041,330
379,development,5448,575,965,6988,7287,299
380,unseen,0,0,0,0,7588,7588
381,unseen,0,0,0,0,7287,7287
382,development,5448,575,962,6985,7284,299
383,development,5448,575,965,6988,7287,299
384,development,5749,997,965,7711,8041,330
385,development,5749,836,965,7550,7849,299
386,development,5749,575,965,7289,7588,299
387,unseen,0,0,0,0,8341,8341
388,unseen,0,0,0,0,8341,8341
389,unseen,0,0,0,0,8041,8041
390,development,5749,997,997,7743,8341,598
391,development,5749,997,965,7711,8041,330
392,development,5749,575,965,7289,7588,299
393,unseen,0,0,0,0,7287,7287
394,development,5749,997,965,7711,8041,330
395,development,5448,997,965,7410,7740,330
396,unseen,0,0,0,0,7588,7588
397,development,5749,575,965,7289,7588,299
398,development,5448,997,965,7410,7740,330
399,development,5448,575,965,6988,7287,299
400,development,5749,575,965,7289,7588,299
401,development,5749,575,965,7289,7588,299
402,development,5749,997,965,7711,8041,330
403,development,5749,575,965,7289,7588,299
404,development,5749,575,965,7289,7588,299
405,unseen,0,0,0,0,8041,8041
406,unseen,0,0,0,0,7588,7588
407,development,5749,575,965,7289,7588,299
408,development,5749,575,965,7289,7588,299
409,development,5448,697,962,7107,7437,330
410,unseen,0,0,0,0,7740,7740
411,development,5448,575,965,6988,7287,299
412,unseen,0,0,0,0,8041,8041
413,development,5749,575,965,7289,7588,299
414,unseen,0,0,0,0,7855,7855
415,development,5749,575,965,7289,7588,299
416,development,5448,697,962,7107,7437,330
417,development,5448,575,965,6988,7287,299
418,development,5749,575,965,7289,7588,299
419,development,5448,997,965,7410,7740,330
420,unseen,0,0,0,0,7437,7437
421,development,5448,842,965,7255,7554,299
422,development,5749,997,965,7711,8041,330
423,unseen,0,0,0,0,7588,7588
424,development,5749,835,965,7549,7848,299
425,development,5448,997,965,7410,7740,330
426,unseen,0,0,0,0,7588,7588
427,unseen,0,0,0,0,7740,7740
428,development,5749,997,965,7711,8041,330
429,unseen,0,0,0,0,8041,8041
430,development,5749,575,965,7289,7588,299
431,development,5749,575,965,7289,7588,299
432,development,5749,836,965,7550,7849,299
433,unseen,0,0,0,0,7588,7588
434,development,5749,575,965,7289,7588,299
435,development,5749,997,965,7711,8041,330
436,development,5749,697,965,7411,7741,330
437,development,5749,836,965,7550,7849,299
438,development,5749,575,965,7289,7588,299
439,unseen,0,0,0,0,7287,7287
440,unseen,0,0,0,0,7287,7287
441,development,5448,575,965,6988,7287,299
442,development,5448,575,965,6988,7287,299
443,development,5448,697,965,7110,7440,330
444,development,5448,997,965,7410,7740,330
445,development,5749,575,965,7289,7588,299
446,development,5749,575,965,7289,7588,299
447,development,5749,997,965,7711,8041,330
448,development,5448,575,962,6985,7284,299
449,development,5448,842,965,7255,7554,299
450,development,5749,575,965,7289,7588,299
451,unseen,0,0,0,0,7554,7554
452,development,5448,575,962,6985,7284,299
453,development,5448,575,962,6985,7284,299
454,development,5749,575,965,7289,7588,299
455,development,5749,997,965,7711,8041,330
456,development,5749,997,965,7711,8041,330
457,development,5448,575,965,6988,7287,299
458,development,5749,575,965,7289,7588,299
459,development,5448,842,965,7255,7554,299
460,development,5448,997,965,7410,7740,330
461,development,5749,997,965,7711,8041,330
462,unseen,0,0,0,0,8041,8041
463,development,5448,835,965,7248,7547,299
464,development,5749,575,965,7289,7588,299
465,development,5448,997,965,7410,7740,330
466,development,5749,997,965,7711,8041,330
467,development,5448,575,965,6988,7287,299
468,development,5448,842,965,7255,7554,299
469,development,5448,997,965,7410,7740,330
470,development,5749,575,965,7289,7588,299
471,development,5448,997,965,7410,7740,330
472,development,5749,836,965,7550,7849,299
473,development,5749,997,965,7711,8041,330
474,development,5749,997,965,7711,8041,330
475,development,5749,575,965,7289,7588,299
476,unseen,0,0,0,0,7740,7740
477,unseen,0,0,0,0,7740,7740
478,development,5448,997,965,7410,7740,330
479,development,5749,997,965,7711,8041,330
480,unseen,0,0,0,0,7287,7287
481,unseen,0,0,0,0,7588,7588
482,unseen,0,0,0,0,7287,7287
483,development,5749,697,965,7411,7741,330
484,development,5749,997,965,7711,8041,330
485,development,5448,575,965,6988,7287,299
486,development,5448,575,962,6985,7284,299
487,development,5448,575,965,6988,7287,299
488,unseen,0,0,0,0,7437,7437
489,development,5448,697,962,7107,7437,330
490,development,5448,575,965,6988,7287,299
491,unseen,0,0,0,0,7588,7588
492,development,5749,997,965,7711,8041,330
493,development,5448,575,965,6988,7287,299
494,development,5448,575,965,6988,7287,299
495,development,5749,575,965,7289,7588,299
496,development,5749,575,965,7289,7588,299
497,development,5749,697,965,7411,7741,330
498,development,5448,997,965,7410,7740,330
499,unseen,0,0,0,0,7855,7855
500,development,5749,575,965,7289,7588,299
501,development,5749,575,965,7289,7588,299
502,unseen,0,0,0,0,8041,8041
503,development,5749,575,965,7289,7588,299
504,development,5749,997,965,7711,8041,330
505,development,5749,575,962,7286,7585,299
506,development,5749,997,965,7711,8041,330
507,development,5448,575,965,6988,7287,299
508,development,5749,575,965,7289,7588,299
509,development,5749,997,965,7711,8041,330
510,development,5749,575,965,7289,7588,299
511,unseen,0,0,0,0,8041,8041
512,unseen,0,0,0,0,7554,7554
513,development,5749,575,965,7289,7588,299
514,development,5448,842,965,7255,7554,299
515,unseen,0,0,0,0,7588,7588
516,development,5749,842,965,7556,7855,299
517,unseen,0,0,0,0,7740,7740
518,development,5749,842,965,7556,7855,299
519,development,5448,842,965,7255,7554,299
520,development,5749,997,965,7711,8041,330
521,development,5749,836,965,7550,7849,299
522,development,5749,697,965,7411,7741,330
523,development,5749,575,965,7289,7588,299
524,unseen,0,0,0,0,7740,7740
525,development,5749,842,965,7556,7855,299
526,development,5448,575,965,6988,7287,299
527,development,5749,575,965,7289,7588,299
528,development,5448,575,965,6988,7287,299
529,unseen,0,0,0,0,7585,7585
530,unseen,0,0,0,0,7437,7437
531,unseen,0,0,0,0,8041,8041
532,development,5749,575,965,7289,7588,299
533,unseen,0,0,0,0,8041,8041
534,development,5449,997,997,7443,8041,598
535,development,5449,997,997,7443,8041,598
536,development,0,0,0,0,10,10
537,development,4530,735,737,6002,6600,598
538,development,5448,697,965,7110,7440,330
539,development,5749,997,997,7743,8341,598
540,development,5749,997,997,7743,8341,598
541,development,5448,697,962,7107,7437,330
542,development,1671,123,124,1918,2516,598
543,development,473,0,0,473,805,332
544,development,5448,575,965,6988,7287,299
545,development,5448,997,965,7410,7740,330
546,development,5749,575,965,7289,7588,299
547,development,5749,835,965,7549,7848,299
548,development,5448,697,962,7107,7437,330
549,development,5448,997,962,7407,7737,330
550,development,5448,697,965,7110,7440,330
551,development,5749,575,962,7286,7585,299
552,excluded,0,0,0,0,0,0
553,development,155,0,0,155,351,196
554,development,5749,997,997,7743,8341,598
555,unseen,0,0,0,0,7849,7849
556,development,5449,997,997,7443,8041,598
557,unseen,0,0,0,0,1617,1617
558,development,5448,997,965,7410,7740,330
559,development,5749,997,965,7711,8041,330
560,development,5749,997,997,7743,8341,598
561,development,1526,92,93,1711,2309,598
562,development,5749,997,997,7743,8341,598
563,development,5448,997,965,7410,7740,330
564,development,5448,997,965,7410,7740,330
565,development,5448,997,965,7410,7740,330
566,unseen,0,0,0,0,7287,7287
567,development,5448,575,962,6985,7284,299
568,development,5448,997,965,7410,7740,330
569,development,5749,575,965,7289,7588,299
570,development,5448,575,965,6988,7287,299
571,development,5448,575,965,6988,7287,299
572,development,5448,997,965,7410,7740,330
573,unseen,0,0,0,0,7287,7287
574,unseen,0,0,0,0,8341,8341
575,development,5749,997,997,7743,8341,598
576,excluded,0,0,0,0,0,0
577,development,5749,997,965,7711,8041,330
578,development,5448,697,965,7110,7440,330
579,development,5749,997,965,7711,8041,330
580,unseen,0,0,0,0,8041,8041
581,development,5749,575,965,7289,7588,299
582,development,5749,575,965,7289,7588,299
583,development,5448,575,965,6988,7287,299
584,development,5448,997,965,7410,7740,330
585,development,5749,575,965,7289,7588,299
586,development,5448,697,962,7107,7437,330
587,development,5448,997,965,7410,7740,330
588,development,5448,836,965,7249,7548,299
589,development,5448,575,965,6988,7287,299
590,unseen,0,0,0,0,7440,7440
591,development,5749,997,997,7743,8341,598
592,development,5448,842,965,7255,7554,299
593,development,5749,575,965,7289,7588,299
594,development,5749,575,965,7289,7588,299
595,unseen,0,0,0,0,8041,8041
596,development,5449,997,997,7443,8041,598
597,development,5749,997,997,7743,8341,598
598,development,5749,997,997,7743,8341,598
599,development,5449,997,997,7443,8041,598
600,development,5749,997,965,7711,8041,330
601,development,5448,997,965,7410,7740,330
602,unseen,0,0,0,0,7738,7738
603,development,5749,575,965,7289,7588,299
604,development,5749,575,965,7289,7588,299
605,unseen,0,0,0,0,8341,8341
606,development,5749,697,962,7408,7738,330
607,development,5448,835,965,7248,7547,299
608,development,2719,347,349,3415,4013,598
609,unseen,0,0,0,0,7741,7741
610,unseen,0,0,0,0,7555,7555
611,unseen,0,0,0,0,7740,7740
612,unseen,0,0,0,0,7440,7440
613,development,5749,575,965,7289,7588,299
614,development,2719,347,48,3114,3712,598
615,development,2719,347,48,3114,3712,598
616,development,2719,347,48,3114,3712,598
617,development,5448,997,965,7410,7740,330
618,development,5448,997,962,7407,7737,330
619,development,5749,997,965,7711,8041,330
620,development,5448,842,965,7255,7554,299
621,development,5448,842,965,7255,7554,299
622,development,5448,997,965,7410,7740,330
623,unseen,0,0,0,0,3964,3964
624,development,2685,340,78,3103,3701,598
625,development,2685,340,78,3103,3701,598
626,unseen,0,0,0,0,3964,3964
627,development,2685,340,78,3103,3701,598
628,development,2685,340,78,3103,3701,598
629,unseen,0,0,0,0,3701,3701
630,development,2685,340,341,3366,3964,598
631,development,2685,340,341,3366,3964,598
632,development,2685,297,341,3323,3664,341
633,development,2685,340,341,3366,3964,598
634,development,2685,340,341,3366,3964,598
635,development,2685,297,341,3323,3664,341
636,development,2685,297,341,3323,3664,341
637,unseen,0,0,0,0,3964,3964
638,development,2685,297,341,3323,3664,341
639,development,2685,297,341,3323,3664,341
640,development,2685,340,341,3366,3964,598
641,development,2685,297,341,3323,3664,341
642,development,2685,340,341,3366,3964,598
643,unseen,0,0,0,0,3964,3964
644,unseen,0,0,0,0,3664,3664
645,development,2685,297,341,3323,3664,341
646,development,2685,297,341,3323,3664,341
647,development,2685,340,341,3366,3964,598
648,unseen,0,0,0,0,3964,3964
649,development,2685,297,341,3323,3664,341
650,development,2685,340,341,3366,3964,598
651,development,2685,340,78,3103,3701,598
652,development,2685,340,78,3103,3701,598
653,development,2685,340,341,3366,3964,598
654,development,2685,340,341,3366,3964,598
655,development,2685,340,341,3366,3964,598
656,development,5749,575,965,7289,7588,299
657,development,5749,575,965,7289,7588,299
658,development,5749,997,965,7711,8041,330
659,unseen,0,0,0,0,8041,8041
660,unseen,0,0,0,0,8041,8041
661,development,5448,575,965,6988,7287,299
662,development,5749,997,965,7711,8041,330
663,development,5749,997,965,7711,8041,330
664,development,5749,997,965,7711,8041,330
665,development,5749,575,965,7289,7588,299
666,development,5749,575,965,7289,7588,299
667,development,473,0,0,473,804,331
668,development,624,0,0,624,1149,525
669,development,5749,997,997,7743,8341,598
670,unseen,0,0,0,0,2516,2516
671,development,1672,123,124,1919,2517,598
672,development,1568,165,167,1900,2498,598
673,unseen,0,0,0,0,533,533
674,excluded,0,0,0,0,0,0
675,unseen,0,0,0,0,8041,8041
676,development,5448,997,965,7410,7740,330
677,development,5749,575,965,7289,7588,299
678,development,5448,997,965,7410,7740,330
679,development,5448,575,965,6988,7287,299
680,development,5448,697,965,7110,7440,330
681,development,5749,997,965,7711,8041,330
682,development,5448,697,962,7107,7437,330
683,unseen,0,0,0,0,7855,7855
684,unseen,0,0,0,0,7740,7740
685,development,5749,997,965,7711,8041,330
686,development,5749,575,965,7289,7588,299
687,unseen,0,0,0,0,2795,2795
688,development,5448,575,965,6988,7287,299
689,development,5749,575,965,7289,7588,299
690,unseen,0,0,0,0,7440,7440
691,development,5509,734,947,7190,7507,317
692,unseen,0,0,0,0,7855,7855
693,development,5749,575,965,7289,7588,299
694,unseen,0,0,0,0,2238,2238
695,development,1478,81,83,1642,2240,598
696,development,1240,30,32,1302,1900,598
697,development,5749,997,965,7711,8041,330
698,development,5448,697,965,7110,7440,330
699,development,5511,473,946,6930,7248,318
700,excluded,0,0,0,0,0,0
701,development,5199,469,945,6613,6932,319
702,development,5511,926,946,7383,7701,318
703,unseen,0,0,0,0,7287,7287
704,unseen,0,0,0,0,7588,7588
705,development,5510,473,947,6930,7247,317
706,development,5448,997,965,7410,7740,330
707,development,5749,997,997,7743,8341,598
708,unseen,0,0,0,0,8341,8341
709,development,5449,997,997,7443,8041,598
710,development,5749,997,997,7743,8341,598
711,development,5749,997,997,7743,8341,598
712,development,5449,997,997,7443,8041,598
713,development,5749,997,997,7743,8341,598
714,development,5749,997,997,7743,8341,598
715,development,5749,997,997,7743,8341,598
716,unseen,0,0,0,0,8341,8341
717,development,5749,997,997,7743,8341,598
718,development,5749,997,997,7743,8341,598
719,development,5749,997,997,7743,8341,598
720,unseen,0,0,0,0,8341,8341
721,development,5749,697,965,7411,7741,330
722,development,5448,997,965,7410,7740,330
723,development,5449,997,997,7443,8041,598
724,development,5449,997,997,7443,8041,598
725,unseen,0,0,0,0,8341,8341
726,development,5449,997,997,7443,8041,598
727,development,5449,997,997,7443,8041,598
728,unseen,0,0,0,0,7849,7849
729,development,5749,575,965,7289,7588,299
730,development,5448,997,962,7407,7737,330
731,development,1674,123,125,1922,2520,598
732,development,5448,575,965,6988,7287,299
733,development,5749,575,965,7289,7588,299
734,development,5749,997,997,7743,8341,598
735,unseen,0,0,0,0,7287,7287
736,development,5448,697,965,7110,7440,330
737,development,5448,575,965,6988,7287,299
738,development,5749,997,965,7711,8041,330
739,development,5749,575,965,7289,7588,299
740,unseen,0,0,0,0,8041,8041
741,development,5749,842,965,7556,7855,299
742,development,5749,575,965,7289,7588,299
743,development,5749,575,965,7289,7588,299
744,development,5749,575,965,7289,7588,299
745,unseen,0,0,0,0,7855,7855
746,development,5749,842,965,7556,7855,299
747,development,5749,575,965,7289,7588,299
748,development,5749,997,965,7711,8041,330
749,development,5749,575,965,7289,7588,299
750,unseen,0,0,0,0,7588,7588
751,unseen,0,0,0,0,8041,8041
752,development,2902,181,485,3568,3867,299
753,excluded,0,0,0,0,0,0
754,unseen,0,0,0,0,8041,8041
755,unseen,0,0,0,0,8041,8041
756,excluded,0,0,0,0,0,0
757,development,5449,997,997,7443,8041,598
758,development,5749,997,997,7743,8341,598
759,development,5449,997,997,7443,8041,598
760,development,5749,997,997,7743,8341,598
761,development,5749,997,997,7743,8341,598
762,development,5749,997,997,7743,8341,598
763,development,5749,997,997,7743,8341,598
764,development,5449,997,997,7443,8041,598
765,development,5449,997,997,7443,8041,598
766,development,5749,997,997,7743,8341,598
767,development,5749,997,997,7743,8341,598
768,unseen,0,0,0,0,8041,8041
769,development,5449,997,997,7443,8041,598
770,unseen,0,0,0,0,8341,8341
771,unseen,0,0,0,0,3154,3154
772,development,5749,575,965,7289,7588,299
773,development,5749,575,965,7289,7588,299
774,development,5749,575,965,7289,7588,299
775,development,5749,575,965,7289,7588,299
776,unseen,0,0,0,0,7588,7588
777,development,5749,575,965,7289,7588,299
778,development,5448,575,965,6988,7287,299
779,development,5749,836,965,7550,7849,299
780,development,5749,835,965,7549,7848,299
781,development,827,6,8,841,1439,598
782,unseen,0,0,0,0,7855,7855
783,unseen,0,0,0,0,7287,7287
784,development,637,0,0,637,1167,530
785,development,435,0,0,435,965,530
786,unseen,0,0,0,0,965,965
787,unseen,0,0,0,0,965,965
788,development,509,0,0,509,965,456
789,unseen,0,0,0,0,8041,8041
790,unseen,0,0,0,0,2551,2551
791,development,5749,836,965,7550,7849,299
792,development,5749,997,965,7711,8041,330
793,development,5448,997,965,7410,7740,330
794,development,5749,997,997,7743,8341,598
795,development,5749,997,997,7743,8341,598
796,development,5449,997,997,7443,8041,598
797,development,5448,843,965,7256,7555,299
798,development,5448,997,965,7410,7740,330
799,development,5749,997,965,7711,8041,330
800,unseen,0,0,0,0,8041,8041
801,development,5749,997,965,7711,8041,330
802,unseen,0,0,0,0,7588,7588
803,development,5749,997,997,7743,8341,598
804,development,762,56,58,876,1474,598
805,development,5749,997,965,7711,8041,330
806,development,98,0,0,98,269,171
807,development,475,0,0,475,807,332
808,unseen,0,0,0,0,8041,8041
809,unseen,0,0,0,0,2520,2520
810,unseen,0,0,0,0,2516,2516
811,unseen,0,0,0,0,269,269
812,development,5749,575,965,7289,7588,299
813,unseen,0,0,0,0,7588,7588
814,development,5749,575,965,7289,7588,299
815,development,5448,575,965,6988,7287,299
816,development,5749,836,965,7550,7849,299
817,development,5448,997,965,7410,7740,330
818,development,5448,997,965,7410,7740,330
819,development,5448,697,962,7107,7437,330
820,development,5749,842,965,7556,7855,299
821,development,5749,997,965,7711,8041,330
822,unseen,0,0,0,0,7554,7554
823,development,5448,697,965,7110,7440,330
824,development,5448,697,965,7110,7440,330
825,development,5448,575,965,6988,7287,299
826,development,5448,697,962,7107,7437,330
827,development,5448,575,965,6988,7287,299
828,development,5749,575,965,7289,7588,299
829,development,5749,575,965,7289,7588,299
830,development,5749,997,965,7711,8041,330
831,development,5749,575,965,7289,7588,299
832,development,5749,997,965,7711,8041,330
833,development,5749,997,997,7743,8341,598
834,development,5749,997,997,7743,8341,598
835,unseen,0,0,0,0,8041,8041
836,unseen,0,0,0,0,8341,8341
837,development,5749,997,997,7743,8341,598
838,development,5749,997,997,7743,8341,598
839,development,5448,835,965,7248,7547,299
840,development,5749,997,997,7743,8341,598
841,development,5749,997,997,7743,8341,598
842,development,473,0,0,473,804,331
843,development,5749,997,997,7743,8341,598
844,development,473,0,0,473,804,331
845,development,5749,997,997,7743,8341,598
846,development,5749,997,997,7743,8341,598
847,development,5448,997,965,7410,7740,330
848,development,5448,575,965,6988,7287,299
849,development,5449,997,997,7443,8041,598
850,development,5749,997,997,7743,8341,598
851,development,5749,997,997,7743,8341,598
852,unseen,0,0,0,0,8341,8341
853,development,5749,997,997,7743,8341,598
854,development,5749,997,997,7743,8341,598
855,unseen,0,0,0,0,8341,8341
856,development,5749,997,997,7743,8341,598
857,unseen,0,0,0,0,8341,8341
858,unseen,0,0,0,0,8341,8341
859,development,5448,997,965,7410,7740,330
860,unseen,0,0,0,0,7554,7554
861,development,5448,997,965,7410,7740,330
862,development,5448,997,965,7410,7740,330
863,development,5448,575,965,6988,7287,299
864,development,5749,575,965,7289,7588,299
865,unseen,0,0,0,0,7588,7588
866,development,5448,575,965,6988,7287,299
867,development,5749,997,997,7743,8341,598
868,development,5749,997,997,7743,8341,598
869,unseen,0,0,0,0,8341,8341
870,development,5749,997,997,7743,8341,598
871,development,5449,997,997,7443,8041,598
872,development,5749,997,997,7743,8341,598
873,development,5449,997,997,7443,8041,598
874,development,5749,997,997,7743,8341,598
875,development,5749,997,997,7743,8341,598
876,development,5749,997,997,7743,8341,598
877,development,5749,997,997,7743,8341,598
878,development,5749,997,997,7743,8341,598
879,development,5749,997,997,7743,8341,598
880,development,5749,997,997,7743,8341,598
881,unseen,0,0,0,0,8341,8341
882,unseen,0,0,0,0,8341,8341
883,development,5749,997,997,7743,8341,598
884,development,5749,997,997,7743,8341,598
885,unseen,0,0,0,0,8041,8041
886,development,5449,997,997,7443,8041,598
887,development,5749,997,997,7743,8341,598
888,development,5749,997,997,7743,8341,598
889,development,5749,997,997,7743,8341,598
890,development,5749,997,997,7743,8341,598
891,unseen,0,0,0,0,8341,8341
892,development,5749,997,997,7743,8341,598
893,development,5749,997,997,7743,8341,598
894,development,5749,997,997,7743,8341,598
895,unseen,0,0,0,0,8341,8341
896,development,5749,997,997,7743,8341,598
897,development,5749,997,997,7743,8341,598
898,development,5749,997,997,7743,8341,598
899,development,5749,997,997,7743,8341,598
900,development,5749,997,997,7743,8341,598
901,development,5749,997,997,7743,8341,598
902,development,5749,997,997,7743,8341,598
903,development,5448,697,965,7110,7440,330
904,unseen,0,0,0,0,8041,8041
905,development,5749,997,997,7743,8341,598
906,development,5448,997,965,7410,7740,330
907,development,5749,997,965,7711,8041,330
908,development,5749,997,997,7743,8341,598
909,development,5449,997,997,7443,8041,598
910,development,5749,997,965,7711,8041,330
911,development,5749,997,965,7711,8041,330
912,development,5749,997,965,7711,8041,330
913,development,5448,997,965,7410,7740,330
914,unseen,0,0,0,0,8041,8041
915,unseen,0,0,0,0,7588,7588
916,development,5448,697,965,7110,7440,330
917,development,5749,997,965,7711,8041,330
918,development,5448,697,965,7110,7440,330
919,unseen,0,0,0,0,7740,7740
920,development,5749,997,965,7711,8041,330
921,unseen,0,0,0,0,8041,8041
922,development,5448,997,965,7410,7740,330
923,development,5448,997,965,7410,7740,330
924,unseen,0,0,0,0,7287,7287
925,unseen,0,0,0,0,7548,7548
926,unseen,0,0,0,0,7740,7740
927,development,5448,836,965,7249,7548,299
928,development,5448,997,965,7410,7740,330
929,development,5448,997,965,7410,7740,330
930,unseen,0,0,0,0,7588,7588
931,development,5749,575,965,7289,7588,299
932,development,5448,997,965,7410,7740,330
933,development,5749,575,965,7289,7588,299
934,development,5448,697,965,7110,7440,330
935,development,5448,842,965,7255,7554,299
936,development,442,0,0,442,965,523
937,unseen,0,0,0,0,965,965
938,unseen,0,0,0,0,3485,3485
939,development,5749,997,997,7743,8341,598
940,development,5449,997,997,7443,8041,598
941,development,5749,997,965,7711,8041,330
942,unseen,0,0,0,0,7588,7588
943,unseen,0,0,0,0,8341,8341
944,development,5449,997,997,7443,8041,598
945,development,5749,997,997,7743,8341,598
946,development,5749,836,965,7550,7849,299
947,development,5749,997,965,7711,8041,330
948,excluded,0,0,0,0,0,0
949,development,5749,997,965,7711,8041,330
950,development,5749,575,965,7289,7588,299
951,development,5749,575,965,7289,7588,299
952,development,5749,575,965,7289,7588,299
953,development,5749,575,965,7289,7588,299
954,development,5749,842,965,7556,7855,299
955,development,5749,997,997,7743,8341,598
956,development,5749,575,965,7289,7588,299
957,development,5449,997,997,7443,8041,598
958,development,5448,997,965,7410,7740,330
959,development,5749,997,997,7743,8341,598
960,development,5749,997,997,7743,8341,598
961,development,5749,997,997,7743,8341,598
962,development,5749,997,997,7743,8341,598
963,development,5749,997,997,7743,8341,598
964,unseen,0,0,0,0,8041,8041
965,development,5749,997,997,7743,8341,598
966,development,5749,997,997,7743,8341,598
967,development,5749,997,997,7743,8341,598
968,development,1768,268,270,2306,2733,427
969,development,5749,997,997,7743,8341,598
970,development,5749,997,997,7743,8341,598
971,development,5749,997,997,7743,8341,598
972,development,5749,997,997,7743,8341,598
973,development,5749,997,997,7743,8341,598
974,development,5749,997,997,7743,8341,598
975,development,5749,997,997,7743,8341,598
976,development,5749,997,997,7743,8341,598
977,development,5749,997,997,7743,8341,598
978,development,5749,997,997,7743,8341,598
979,development,5749,997,997,7743,8341,598
980,development,5749,997,997,7743,8341,598
981,development,5749,997,997,7743,8341,598
982,development,5749,997,997,7743,8341,598
983,unseen,0,0,0,0,8341,8341
984,development,5749,997,997,7743,8341,598
985,unseen,0,0,0,0,8341,8341
986,development,5749,997,997,7743,8341,598
987,development,5749,997,997,7743,8341,598
988,development,5749,997,997,7743,8341,598
989,development,5749,997,997,7743,8341,598
990,development,5749,997,997,7743,8341,598
991,development,5749,997,997,7743,8341,598
992,development,5749,997,997,7743,8341,598
993,development,5749,997,997,7743,8341,598
994,development,5749,997,997,7743,8341,598
995,development,5749,997,997,7743,8341,598
996,development,5749,997,997,7743,8341,598
997,unseen,0,0,0,0,8341,8341
998,development,5749,997,997,7743,8341,598
999,development,5749,997,997,7743,8341,598
1000,development,5749,997,997,7743,8341,598
1001,development,5749,997,997,7743,8341,598
1002,development,5749,997,997,7743,8341,598
1003,development,2349,268,270,2887,3485,598
1004,development,2341,266,268,2875,3473,598
1005,development,5749,997,997,7743,8341,598
1006,development,5749,997,997,7743,8341,598
1007,development,5749,997,997,7743,8341,598
1008,unseen,0,0,0,0,7287,7287
1009,development,5448,997,965,7410,7740,330
1010,unseen,0,0,0,0,7740,7740
1011,development,5449,997,997,7443,8041,598
1012,development,5449,997,997,7443,8041,598
1013,development,5749,997,997,7743,8341,598
1014,unseen,0,0,0,0,8341,8341
1015,development,5749,997,997,7743,8341,598
1016,development,5749,997,997,7743,8341,598
1017,development,5449,997,997,7443,8041,598
1018,unseen,0,0,0,0,8341,8341
1019,unseen,0,0,0,0,8341,8341
1020,development,5749,997,997,7743,8341,598
1021,development,5449,997,997,7443,8041,598
1022,development,5749,997,997,7743,8341,598
1023,development,5449,997,997,7443,8041,598
1024,development,5749,997,965,7711,8041,330
1025,development,5749,997,965,7711,8041,330
1026,development,5749,997,965,7711,8041,330
1027,development,5749,997,997,7743,8341,598
1028,development,5749,997,997,7743,8341,598
1029,unseen,0,0,0,0,8341,8341
1030,development,5749,997,997,7743,8341,598
1031,development,5749,997,997,7743,8341,598
1032,development,5749,997,997,7743,8341,598
1033,unseen,0,0,0,0,8341,8341
1034,development,468,0,0,468,797,329
1035,unseen,0,0,0,0,8341,8341
1036,development,5749,997,997,7743,8341,598
1037,development,5449,997,997,7443,8041,598
1038,unseen,0,0,0,0,8041,8041
1039,development,5749,997,965,7711,8041,330
1040,unseen,0,0,0,0,7287,7287
1041,development,5749,997,997,7743,8341,598
1042,development,5448,997,965,7410,7740,330
1043,development,5449,997,997,7443,8041,598
1044,development,5449,997,997,7443,8041,598
1045,development,5749,997,997,7743,8341,598
1046,development,5749,997,997,7743,8341,598
1047,development,5749,997,997,7743,8341,598
1048,development,5448,575,965,6988,7287,299
1049,development,5749,997,965,7711,8041,330
1050,development,5448,997,965,7410,7740,330
1051,development,5448,842,965,7255,7554,299
1052,development,1049,0,0,1049,1627,578
1053,development,5749,997,965,7711,8041,330
1054,development,5693,985,885,7563,7961,398
1055,development,5749,997,997,7743,8341,598
1056,development,5449,997,997,7443,8041,598
1057,development,4344,0,697,5041,5582,541
1058,development,5749,997,965,7711,8041,330
1059,development,5749,997,965,7711,8041,330
1060,development,5749,997,965,7711,8041,330
1061,development,5749,997,997,7743,8341,598
1062,unseen,0,0,0,0,8341,8341
1063,development,5749,997,965,7711,8041,330
1064,development,5448,997,965,7410,7740,330
1065,development,1112,3,4,1119,1717,598
1066,development,5749,575,965,7289,7588,299
1067,development,5749,842,965,7556,7855,299
1068,development,5749,997,997,7743,8341,598
1069,development,5448,575,965,6988,7287,299
1070,development,5749,997,965,7711,8041,330
1071,development,5749,997,965,7711,8041,330
1072,development,5448,997,965,7410,7740,330
1073,development,3655,612,614,4881,5479,598
1074,development,118,0,0,118,297,179
1075,development,5449,997,997,7443,8041,598
1076,development,5177,784,876,6837,7225,388
1077,development,5448,997,965,7410,7740,330
1078,development,2552,311,313,3176,3774,598
1079,development,5448,575,965,6988,7287,299
1080,development,5749,997,965,7711,8041,330
1081,development,5749,997,965,7711,8041,330
1082,development,5749,997,965,7711,8041,330
1083,unseen,0,0,0,0,7740,7740
1084,development,5749,997,997,7743,8341,598
1085,unseen,0,0,0,0,8341,8341
1086,unseen,0,0,0,0,7740,7740
1087,development,5448,575,965,6988,7287,299
1088,development,5448,575,965,6988,7287,299
1089,development,5448,842,965,7255,7554,299
1090,development,5749,997,965,7711,8041,330
1091,development,5749,997,997,7743,8341,598
1092,unseen,0,0,0,0,8341,8341
1093,development,5749,997,997,7743,8341,598
1094,development,5749,997,997,7743,8341,598
1095,unseen,0,0,0,0,7588,7588
1096,development,5749,997,965,7711,8041,330
1097,development,5749,997,997,7743,8341,598
1098,development,5449,997,997,7443,8041,598
1099,development,5749,997,997,7743,8341,598
1100,development,5749,997,965,7711,8041,330
1101,development,5448,997,965,7410,7740,330
1102,development,5449,997,997,7443,8041,598
1103,development,5749,997,997,7743,8341,598
1104,development,5449,997,997,7443,8041,598
1105,unseen,0,0,0,0,8341,8341
1106,unseen,0,0,0,0,8341,8341
1107,development,5749,997,997,7743,8341,598
1108,unseen,0,0,0,0,8341,8341
1109,unseen,0,0,0,0,8341,8341
1110,development,5749,997,997,7743,8341,598
1111,development,5449,997,997,7443,8041,598
1112,development,5749,575,965,7289,7588,299
1113,development,1684,126,127,1937,2535,598
1114,development,5749,997,997,7743,8341,598
1115,development,5749,997,965,7711,8041,330
1116,development,5749,997,997,7743,8341,598
1117,unseen,0,0,0,0,7855,7855
1118,development,5749,997,965,7711,8041,330
1119,development,5749,997,965,7711,8041,330
1120,unseen,0,0,0,0,7287,7287
1121,development,5749,997,997,7743,8341,598
1122,development,5448,575,965,6988,7287,299
1123,development,5448,842,965,7255,7554,299
1124,development,5448,997,965,7410,7740,330
1125,development,5749,997,965,7711,8041,330
1126,development,5693,985,885,7563,7961,398
1127,development,5749,997,997,7743,8341,598
1128,unseen,0,0,0,0,8341,8341
1129,development,5749,997,997,7743,8341,598
1130,development,5749,997,997,7743,8341,598
1131,unseen,0,0,0,0,8341,8341
1132,unseen,0,0,0,0,6064,6064
1133,development,5749,997,997,7743,8341,598
1134,development,5749,997,997,7743,8341,598
1135,unseen,0,0,0,0,8341,8341
1136,development,5448,575,965,6988,7287,299
1137,development,5449,997,997,7443,8041,598
1138,unseen,0,0,0,0,7740,7740
1139,development,4155,355,656,5166,5764,598
1140,development,5749,997,965,7711,8041,330
1141,development,5449,997,997,7443,8041,598
1142,development,5749,997,965,7711,8041,330
1143,development,5749,997,997,7743,8341,598
1144,development,4303,687,688,5678,6276,598
1145,development,5749,997,997,7743,8341,598
1146,development,5749,997,965,7711,8041,330
1147,development,5449,997,997,7443,8041,598
1148,development,5448,997,965,7410,7740,330
1149,development,5449,997,997,7443,8041,598
1150,development,5448,575,965,6988,7287,299
1151,development,448,0,0,448,965,517
1152,development,5449,997,997,7443,8041,598
1153,development,5749,997,997,7743,8341,598
1154,development,5749,997,997,7743,8341,598
1155,development,5749,997,997,7743,8341,598
1156,unseen,0,0,0,0,8341,8341
1157,development,2899,267,399,3565,3864,299
1158,development,5449,997,997,7443,8041,598
1159,unseen,0,0,0,0,8041,8041
1160,development,5749,997,965,7711,8041,330
1161,development,5449,997,997,7443,8041,598
1162,development,5448,842,965,7255,7554,299
1163,development,5448,843,965,7256,7555,299
1164,development,2554,312,313,3179,3777,598
1165,development,5749,997,965,7711,8041,330
1166,unseen,0,0,0,0,8041,8041
1167,development,5448,575,965,6988,7287,299
1168,development,5749,997,997,7743,8341,598
1169,development,5749,997,997,7743,8341,598
1170,unseen,0,0,0,0,8341,8341
1171,development,5449,997,997,7443,8041,598
1172,development,5749,997,997,7743,8341,598
1173,development,5749,997,965,7711,8041,330
1174,development,5749,997,997,7743,8341,598
1175,development,5749,997,997,7743,8341,598
1176,unseen,0,0,0,0,8041,8041
1177,development,5749,842,965,7556,7855,299
1178,development,5449,997,997,7443,8041,598
1179,development,5448,697,965,7110,7440,330
1180,development,5449,997,997,7443,8041,598
1181,development,5449,997,997,7443,8041,598
1182,development,5749,997,997,7743,8341,598
1183,development,5449,997,997,7443,8041,598
1184,development,5448,697,965,7110,7440,330
1185,development,5449,997,997,7443,8041,598
1186,development,5449,997,997,7443,8041,598
1187,development,5448,575,965,6988,7287,299
1188,development,5448,997,965,7410,7740,330
1189,development,5448,997,965,7410,7740,330
1190,development,5749,997,997,7743,8341,598
1191,development,5749,997,997,7743,8341,598
1192,unseen,0,0,0,0,8041,8041
1193,development,5749,997,997,7743,8341,598
1194,development,5749,997,997,7743,8341,598
1195,development,5749,997,997,7743,8341,598
1196,development,5749,842,965,7556,7855,299
1197,development,5749,997,997,7743,8341,598
1198,development,5749,997,997,7743,8341,598
1199,development,5448,575,965,6988,7287,299
1200,development,5449,997,997,7443,8041,598
1201,development,5749,997,965,7711,8041,330
1202,development,5749,997,965,7711,8041,330
1203,development,5448,997,965,7410,7740,330
1204,development,5448,575,965,6988,7287,299
1205,development,5749,997,997,7743,8341,598
1206,development,5749,997,997,7743,8341,598
1207,unseen,0,0,0,0,8341,8341
1208,development,5749,997,997,7743,8341,598
1209,excluded,0,0,0,0,0,0
1210,unseen,0,0,0,0,3745,3745
1211,excluded,0,0,0,0,0,0
1212,development,2678,338,340,3356,3954,598
1213,development,473,0,0,473,804,331
1214,unseen,0,0,0,0,6106,6106
1215,development,5448,997,965,7410,7740,330
1216,development,5749,997,997,7743,8341,598
1217,development,5449,997,997,7443,8041,598
1218,development,3281,167,469,3917,4515,598
1219,unseen,0,0,0,0,8041,8041
1220,development,5448,697,965,7110,7440,330
1221,development,5448,997,965,7410,7740,330
1222,development,5749,997,965,7711,8041,330
1223,development,2515,304,304,3123,3721,598
1224,development,4330,235,694,5259,5829,570
1225,development,5749,997,997,7743,8341,598
1226,development,5749,997,997,7743,8341,598
1227,development,5449,997,997,7443,8041,598
1228,development,5749,997,997,7743,8341,598
1229,development,5749,997,997,7743,8341,598
1230,development,5749,842,965,7556,7855,299
1231,unseen,0,0,0,0,8341,8341
1232,development,5749,997,997,7743,8341,598
1233,development,5749,997,997,7743,8341,598
1234,unseen,0,0,0,0,5173,5173
1235,development,1042,0,0,1042,1617,575
1236,development,5749,997,997,7743,8341,598
1237,development,5749,997,997,7743,8341,598
1238,development,5449,997,997,7443,8041,598
1239,excluded,0,0,0,0,0,0
1240,excluded,0,0,0,0,0,0
1241,excluded,0,0,0,0,0,0
1242,excluded,0,0,0,0,0,0
1243,excluded,0,0,0,0,0,0
1244,excluded,0,0,0,0,0,0
1245,excluded,0,0,0,0,0,0
1246,excluded,0,0,0,0,0,0
1247,excluded,0,0,0,0,0,0
1248,excluded,0,0,0,0,0,0
1249,excluded,0,0,0,0,0,0
1250,excluded,0,0,0,0,0,0
