epoch,train_loss,val_loss,train_mae,val_mae,learning_rate,epoch_time_sec
1,21.772093442206184,83.90355738112703,1.0243701519676671,1.9156,0.001,5.16
2,18.16183744670865,80.40541007205871,0.8357787021813682,1.666,0.001,3.02
3,15.61165845984468,77.89744492365246,0.8018439983407529,1.6362,0.001,3.02
4,13.873877425401355,75.79963746302516,0.7687452381696945,1.6609,0.001,3.04
5,12.45333194151854,76.52503372189358,0.751904447048236,1.5978,0.001,3.66
6,11.381047014896861,74.52337805205138,0.7347046779081844,1.669,0.001,3.37
7,10.510546337587003,73.89994396516055,0.7208807082317127,1.6167,0.001,3.08
8,9.804039045882682,72.99124294136892,0.7043602168560028,1.675,0.001,3.04
9,9.09579100276525,74.14876263303844,0.6894625012581341,1.6059,0.001,3.58
10,8.105643966946358,74.39738730136621,0.6715002917348386,1.5771,0.001,3.47
11,7.546472840749037,74.4622134410254,0.6563674235305847,1.593,0.001,3.06
12,6.872408833128576,74.65331119208967,0.6288292587469941,1.5797,0.0005,3.09
13,6.631127512016997,74.62260128449122,0.6196150157017449,1.5744,0.0005,3.37
