epoch,timestamp,algorithm,vm_count,active_pm,energy_wh,sla_violations,sla_rate,avg_cpu,peak_cpu,migrations
1,1378604100,PABFD_Real,5,3,1424.9187,0,0.0000,0.0024,0.0029,0
2,1378604400,PABFD_Real,5,3,1424.9398,0,0.0000,0.0025,0.0032,0
3,1378604700,PABFD_Real,5,3,1424.9187,0,0.0000,0.0024,0.0029,0
4,1378605000,PABFD_Real,5,3,1424.9628,0,0.0000,0.0027,0.0035,0
5,1378605300,PABFD_Real,5,3,1424.9071,0,0.0000,0.0024,0.0031,0
6,1378605600,PABFD_Real,5,3,1424.8841,0,0.0000,0.0023,0.0029,0
7,1378605900,PABFD_Real,5,3,1424.8783,0,0.0000,0.0023,0.0029,0
8,1378606200,PABFD_Real,5,3,1424.9398,0,0.0000,0.0025,0.0031,0
9,1378606500,PABFD_Real,5,3,1424.8860,0,0.0000,0.0023,0.0028,0
10,1378606800,PABFD_Real,5,3,1424.9187,0,0.0000,0.0024,0.0029,0
11,1378607100,PABFD_Real,5,3,1424.9187,0,0.0000,0.0024,0.0031,0
12,1378607400,PABFD_Real,5,3,1425.9195,0,0.0000,0.0072,0.0160,0
13,1378607700,PABFD_Real,5,3,1424.9033,0,0.0000,0.0024,0.0029,0
14,1378608000,PABFD_Real,5,3,1424.9417,0,0.0000,0.0026,0.0032,0
15,1378608300,PABFD_Real,5,3,1424.9014,0,0.0000,0.0024,0.0029,0
16,1378608600,PABFD_Real,5,3,1424.9187,0,0.0000,0.0024,0.0029,0
17,1378608900,PABFD_Real,5,3,1424.9264,0,0.0000,0.0025,0.0030,0
18,1378609200,PABFD_Real,5,3,1424.9187,0,0.0000,0.0024,0.0029,0
19,1378609500,PABFD_Real,5,3,1424.9206,0,0.0000,0.0025,0.0029,0
20,1378609800,PABFD_Real,5,3,1424.9436,0,0.0000,0.0026,0.0032,0
21,1378610100,PABFD_Real,5,3,1424.9244,0,0.0000,0.0025,0.0029,0
22,1378610400,PABFD_Real,5,3,1424.9187,0,0.0000,0.0024,0.0029,0
23,1378610700,PABFD_Real,5,3,1424.9340,0,0.0000,0.0025,0.0031,0
24,1378611000,PABFD_Real,5,3,1424.9187,0,0.0000,0.0024,0.0029,0
25,1378611300,PABFD_Real,5,3,1424.9244,0,0.0000,0.0025,0.0029,0
26,1378611600,PABFD_Real,5,3,1424.9398,0,0.0000,0.0025,0.0032,0
27,1378611900,PABFD_Real,5,3,1424.9206,0,0.0000,0.0025,0.0029,0
28,1378612200,PABFD_Real,5,3,1424.9206,0,0.0000,0.0025,0.0029,0
29,1378612500,PABFD_Real,5,3,1424.9360,0,0.0000,0.0025,0.0031,0
30,1378612800,PABFD_Real,5,3,1424.9187,0,0.0000,0.0024,0.0029,0
31,1378613100,PABFD_Real,5,3,1424.9187,0,0.0000,0.0024,0.0029,0
32,1378613400,PABFD_Real,5,3,1424.9379,0,0.0000,0.0025,0.0031,0
33,1378613700,PABFD_Real,7,4,1425.5257,0,0.0000,0.0040,0.0064,1
34,1378614000,PABFD_Real,7,4,1425.5468,0,0.0000,0.0041,0.0062,0
35,1378614300,PABFD_Real,7,4,1425.6141,0,0.0000,0.0043,0.0074,0
36,1378614600,PABFD_Real,7,4,1425.7024,0,0.0000,0.0046,0.0086,0
37,1378614900,PABFD_Real,7,4,1425.8455,0,0.0000,0.0051,0.0080,0
38,1378615200,PABFD_Real,7,4,1425.5680,0,0.0000,0.0041,0.0066,0
39,1378615500,PABFD_Real,7,4,1425.9368,0,0.0000,0.0054,0.0095,0
40,1378615800,PABFD_Real,7,4,1425.5536,0,0.0000,0.0041,0.0063,0
41,1378616100,PABFD_Real,7,4,1425.6006,0,0.0000,0.0042,0.0065,0
42,1378616400,PABFD_Real,7,4,1425.7908,0,0.0000,0.0049,0.0089,0
43,1378616700,PABFD_Real,7,4,1425.6160,0,0.0000,0.0043,0.0072,0
44,1378617000,PABFD_Real,7,4,1425.5689,0,0.0000,0.0041,0.0065,0
45,1378617300,PABFD_Real,7,4,1425.5910,0,0.0000,0.0042,0.0071,0
46,1378617600,PABFD_Real,7,4,1426.3719,0,0.0000,0.0070,0.0120,0
47,1378617900,PABFD_Real,7,4,1425.5891,0,0.0000,0.0042,0.0065,0
48,1378618200,PABFD_Real,7,4,1425.5574,0,0.0000,0.0041,0.0063,0
49,1378618500,PABFD_Real,7,4,1425.6093,0,0.0000,0.0043,0.0072,0
50,1378618800,PABFD_Real,7,4,1425.5929,0,0.0000,0.0042,0.0068,0
51,1378619100,PABFD_Real,7,4,1425.7793,0,0.0000,0.0049,0.0078,0
52,1378619400,PABFD_Real,7,4,1425.5459,0,0.0000,0.0041,0.0063,0
53,1378619700,PABFD_Real,7,4,1425.5545,0,0.0000,0.0041,0.0065,0
54,1378620000,PABFD_Real,7,4,1425.5468,0,0.0000,0.0041,0.0063,0
55,1378620300,PABFD_Real,7,4,1425.5545,0,0.0000,0.0041,0.0064,0
56,1378620600,PABFD_Real,7,4,1425.7966,0,0.0000,0.0049,0.0086,0
57,1378620900,PABFD_Real,7,4,1425.9694,0,0.0000,0.0055,0.0098,0
58,1378621200,PABFD_Real,7,4,1425.8331,0,0.0000,0.0051,0.0102,0
59,1378621500,PABFD_Real,7,4,1425.5449,0,0.0000,0.0040,0.0067,0
60,1378621800,PABFD_Real,7,4,1425.5353,0,0.0000,0.0040,0.0063,0
61,1378622100,PABFD_Real,7,4,1425.5488,0,0.0000,0.0041,0.0064,0
62,1378622400,PABFD_Real,7,4,1425.5718,0,0.0000,0.0041,0.0065,0
63,1378622700,PABFD_Real,7,4,1425.9435,0,0.0000,0.0055,0.0100,0
64,1378623000,PABFD_Real,7,4,1425.5250,0,0.0000,0.0040,0.0062,0
65,1378623300,PABFD_Real,7,4,1425.5449,0,0.0000,0.0040,0.0065,0
66,1378623600,PABFD_Real,7,4,1425.5564,0,0.0000,0.0041,0.0063,0
67,1378623900,PABFD_Real,7,4,1425.5987,0,0.0000,0.0042,0.0069,0
68,1378624200,PABFD_Real,7,4,1425.6602,0,0.0000,0.0045,0.0078,0
69,1378624500,PABFD_Real,7,4,1425.6064,0,0.0000,0.0043,0.0081,0
70,1378624800,PABFD_Real,7,4,1425.5180,0,0.0000,0.0040,0.0063,0
71,1378625100,PABFD_Real,7,4,1425.5949,0,0.0000,0.0042,0.0071,0
72,1378625400,PABFD_Real,7,4,1425.8055,0,0.0000,0.0050,0.0098,0
73,1378625700,PABFD_Real,7,4,1425.8100,0,0.0000,0.0050,0.0101,0
74,1378626000,PABFD_Real,7,4,1425.7533,0,0.0000,0.0048,0.0092,0
75,1378626300,PABFD_Real,7,4,1426.0127,0,0.0000,0.0057,0.0095,0
76,1378626600,PABFD_Real,7,4,1425.6045,0,0.0000,0.0043,0.0067,0
77,1378626900,PABFD_Real,7,4,1425.5622,0,0.0000,0.0041,0.0067,0
78,1378627200,PABFD_Real,7,4,1425.6410,0,0.0000,0.0044,0.0070,0
79,1378627500,PABFD_Real,7,4,1425.9954,0,0.0000,0.0056,0.0102,0
80,1378627800,PABFD_Real,7,4,1425.6923,0,0.0000,0.0046,0.0072,0
81,1378628100,PABFD_Real,7,4,1425.5488,0,0.0000,0.0041,0.0065,0
82,1378628400,PABFD_Real,7,4,1425.5439,0,0.0000,0.0040,0.0062,0
83,1378628700,PABFD_Real,7,4,1425.5507,0,0.0000,0.0041,0.0065,0
84,1378629000,PABFD_Real,7,4,1425.5516,0,0.0000,0.0041,0.0063,0
85,1378629300,PABFD_Real,7,4,1425.5449,0,0.0000,0.0040,0.0065,0
86,1378629600,PABFD_Real,7,4,1425.5641,0,0.0000,0.0041,0.0064,0
87,1378629900,PABFD_Real,7,4,1425.9435,0,0.0000,0.0055,0.0092,0
88,1378630200,PABFD_Real,7,4,1425.6246,0,0.0000,0.0043,0.0066,0
89,1378630500,PABFD_Real,7,4,1425.5526,0,0.0000,0.0041,0.0065,0
90,1378630800,PABFD_Real,7,4,1425.5564,0,0.0000,0.0041,0.0063,0
91,1378631100,PABFD_Real,7,4,1425.5795,0,0.0000,0.0042,0.0067,0
92,1378631400,PABFD_Real,7,4,1425.6227,0,0.0000,0.0043,0.0073,0
93,1378631700,PABFD_Real,7,4,1425.5852,0,0.0000,0.0042,0.0070,0
94,1378632000,PABFD_Real,7,4,1425.5478,0,0.0000,0.0041,0.0062,0
95,1378632300,PABFD_Real,7,4,1425.5507,0,0.0000,0.0041,0.0065,0
96,1378632600,PABFD_Real,7,4,1425.5564,0,0.0000,0.0041,0.0062,0
97,1378632900,PABFD_Real,7,4,1425.5574,0,0.0000,0.0041,0.0064,0
98,1378633200,PABFD_Real,7,4,1425.6909,0,0.0000,0.0046,0.0082,0
99,1378633500,PABFD_Real,7,4,1425.7793,0,0.0000,0.0049,0.0079,0
100,1378633800,PABFD_Real,7,4,1425.5603,0,0.0000,0.0041,0.0064,0
101,1378634100,PABFD_Real,7,4,1425.7034,0,0.0000,0.0046,0.0076,0
102,1378634400,PABFD_Real,7,4,1425.9598,0,0.0000,0.0055,0.0112,0
103,1378634700,PABFD_Real,7,4,1425.9339,0,0.0000,0.0054,0.0109,0
104,1378635000,PABFD_Real,7,4,1425.8974,0,0.0000,0.0053,0.0102,0
105,1378635300,PABFD_Real,7,4,1425.5334,0,0.0000,0.0040,0.0062,0
106,1378635600,PABFD_Real,7,4,1425.5343,0,0.0000,0.0040,0.0061,0
107,1378635900,PABFD_Real,7,4,1425.5488,0,0.0000,0.0041,0.0065,0
108,1378636200,PABFD_Real,7,4,1425.5632,0,0.0000,0.0041,0.0063,0
109,1378636500,PABFD_Real,7,4,1425.5536,0,0.0000,0.0041,0.0063,0
110,1378636800,PABFD_Real,7,4,1425.5680,0,0.0000,0.0041,0.0066,0
111,1378637100,PABFD_Real,7,4,1425.8590,0,0.0000,0.0052,0.0086,0
112,1378637400,PABFD_Real,7,4,1425.7620,0,0.0000,0.0048,0.0080,0
113,1378637700,PABFD_Real,7,4,1425.5584,0,0.0000,0.0041,0.0066,0
114,1378638000,PABFD_Real,7,4,1425.5737,0,0.0000,0.0042,0.0064,0
115,1378638300,PABFD_Real,7,4,1425.6035,0,0.0000,0.0043,0.0064,0
116,1378638600,PABFD_Real,7,4,1425.6208,0,0.0000,0.0043,0.0073,0
117,1378638900,PABFD_Real,7,4,1425.7946,0,0.0000,0.0049,0.0099,0
118,1378639200,PABFD_Real,7,4,1425.8042,0,0.0000,0.0050,0.0098,0
119,1378639500,PABFD_Real,7,4,1425.6506,0,0.0000,0.0044,0.0079,0
120,1378639800,PABFD_Real,7,4,1425.6630,0,0.0000,0.0045,0.0070,0
121,1378640100,PABFD_Real,7,4,1425.6630,0,0.0000,0.0045,0.0070,0
122,1378640400,PABFD_Real,7,4,1425.5997,0,0.0000,0.0042,0.0065,0
123,1378640700,PABFD_Real,7,4,1425.9320,0,0.0000,0.0054,0.0087,0
124,1378641000,PABFD_Real,7,4,1425.5603,0,0.0000,0.0041,0.0064,0
125,1378641300,PABFD_Real,7,4,1425.5718,0,0.0000,0.0041,0.0065,0
126,1378641600,PABFD_Real,7,4,1425.5795,0,0.0000,0.0042,0.0066,0
127,1378641900,PABFD_Real,7,4,1425.5430,0,0.0000,0.0040,0.0063,0
128,1378642200,PABFD_Real,7,4,1425.5699,0,0.0000,0.0041,0.0065,0
129,1378642500,PABFD_Real,7,4,1425.5353,0,0.0000,0.0040,0.0063,0
130,1378642800,PABFD_Real,7,4,1425.5564,0,0.0000,0.0041,0.0063,0
131,1378643100,PABFD_Real,7,4,1425.5526,0,0.0000,0.0041,0.0065,0
132,1378643400,PABFD_Real,7,4,1425.5536,0,0.0000,0.0041,0.0063,0
133,1378643700,PABFD_Real,7,4,1425.5526,0,0.0000,0.0041,0.0064,0
134,1378644000,PABFD_Real,7,4,1425.5670,0,0.0000,0.0041,0.0066,0
135,1378644300,PABFD_Real,7,4,1425.7961,0,0.0000,0.0049,0.0077,0
136,1378644600,PABFD_Real,7,4,1425.5901,0,0.0000,0.0042,0.0063,0
137,1378644900,PABFD_Real,7,4,1425.6602,0,0.0000,0.0045,0.0068,0
138,1378645200,PABFD_Real,7,4,1425.5670,0,0.0000,0.0041,0.0064,0
139,1378645500,PABFD_Real,7,4,1425.5488,0,0.0000,0.0041,0.0064,0
140,1378645800,PABFD_Real,7,4,1425.5728,0,0.0000,0.0041,0.0067,0
141,1378646100,PABFD_Real,7,4,1425.5353,0,0.0000,0.0040,0.0063,0
142,1378646400,PABFD_Real,7,4,1425.5295,0,0.0000,0.0040,0.0063,0
143,1378646700,PABFD_Real,7,4,1425.5238,0,0.0000,0.0040,0.0065,0
144,1378647000,PABFD_Real,7,4,1425.5247,0,0.0000,0.0040,0.0064,0
145,1378647300,PABFD_Real,7,4,1425.5353,0,0.0000,0.0040,0.0062,0
146,1378647600,PABFD_Real,7,4,1425.5670,0,0.0000,0.0041,0.0066,0
147,1378647900,PABFD_Real,7,4,1425.7610,0,0.0000,0.0048,0.0077,0
148,1378648200,PABFD_Real,7,4,1425.5545,0,0.0000,0.0041,0.0063,0
149,1378648500,PABFD_Real,7,4,1425.5468,0,0.0000,0.0041,0.0064,0
150,1378648800,PABFD_Real,7,4,1425.5814,0,0.0000,0.0042,0.0065,0
151,1378649100,PABFD_Real,7,4,1425.8167,0,0.0000,0.0050,0.0065,0
152,1378649400,PABFD_Real,7,4,1425.5737,0,0.0000,0.0042,0.0066,0
153,1378649700,PABFD_Real,7,4,1425.5334,0,0.0000,0.0040,0.0064,0
154,1378650000,PABFD_Real,7,4,1425.6102,0,0.0000,0.0043,0.0077,0
155,1378650300,PABFD_Real,7,4,1425.5411,0,0.0000,0.0040,0.0064,0
156,1378650600,PABFD_Real,7,4,1425.5997,0,0.0000,0.0042,0.0063,0
157,1378650900,PABFD_Real,7,4,1425.5516,0,0.0000,0.0041,0.0063,0
158,1378651200,PABFD_Real,7,4,1425.7216,0,0.0000,0.0047,0.0087,0
159,1378651500,PABFD_Real,7,4,1426.0789,0,0.0000,0.0059,0.0101,0
160,1378651800,PABFD_Real,7,4,1425.5497,0,0.0000,0.0041,0.0063,0
161,1378652100,PABFD_Real,7,4,1425.5180,0,0.0000,0.0040,0.0063,0
162,1378652400,PABFD_Real,7,4,1425.6698,0,0.0000,0.0045,0.0079,0
163,1378652700,PABFD_Real,7,4,1425.7879,0,0.0000,0.0049,0.0097,0
164,1378653000,PABFD_Real,7,4,1425.5862,0,0.0000,0.0042,0.0068,0
165,1378653300,PABFD_Real,7,4,1425.5295,0,0.0000,0.0040,0.0062,0
166,1378653600,PABFD_Real,7,4,1425.5468,0,0.0000,0.0041,0.0063,0
167,1378653900,PABFD_Real,7,4,1425.4936,0,0.0000,0.0039,0.0064,0
168,1378654200,PABFD_Real,7,4,1425.5286,0,0.0000,0.0040,0.0064,0
169,1378654500,PABFD_Real,7,4,1425.5084,0,0.0000,0.0039,0.0063,0
170,1378654800,PABFD_Real,7,4,1425.6602,0,0.0000,0.0045,0.0080,0
171,1378655100,PABFD_Real,7,4,1425.9329,0,0.0000,0.0054,0.0099,0
172,1378655400,PABFD_Real,7,4,1425.5257,0,0.0000,0.0040,0.0064,0
173,1378655700,PABFD_Real,7,4,1425.6150,0,0.0000,0.0043,0.0066,0
174,1378656000,PABFD_Real,7,4,1425.6006,0,0.0000,0.0042,0.0065,0
175,1378656300,PABFD_Real,7,4,1425.6198,0,0.0000,0.0043,0.0073,0
176,1378656600,PABFD_Real,7,4,1425.7831,0,0.0000,0.0049,0.0099,0
177,1378656900,PABFD_Real,7,4,1425.7101,0,0.0000,0.0046,0.0087,0
178,1378657200,PABFD_Real,7,4,1425.4930,0,0.0000,0.0039,0.0063,0
179,1378657500,PABFD_Real,7,4,1425.6755,0,0.0000,0.0045,0.0088,0
180,1378657800,PABFD_Real,7,4,1425.5478,0,0.0000,0.0041,0.0066,0
181,1378658100,PABFD_Real,7,4,1425.7793,0,0.0000,0.0049,0.0098,0
182,1378658400,PABFD_Real,7,4,1425.7140,0,0.0000,0.0046,0.0090,0
183,1378658700,PABFD_Real,7,4,1425.8311,0,0.0000,0.0051,0.0085,0
184,1378659000,PABFD_Real,7,4,1425.5977,0,0.0000,0.0042,0.0070,0
185,1378659300,PABFD_Real,7,4,1425.5872,0,0.0000,0.0042,0.0070,0
186,1378659600,PABFD_Real,7,4,1425.8283,0,0.0000,0.0051,0.0101,0
187,1378659900,PABFD_Real,7,4,1425.7044,0,0.0000,0.0046,0.0085,0
188,1378660200,PABFD_Real,7,4,1425.6179,0,0.0000,0.0043,0.0072,0
189,1378660500,PABFD_Real,7,4,1425.7889,0,0.0000,0.0049,0.0099,0
190,1378660800,PABFD_Real,7,4,1425.8138,0,0.0000,0.0050,0.0100,0
191,1378661100,PABFD_Real,7,4,1425.7466,0,0.0000,0.0048,0.0093,0
192,1378661400,PABFD_Real,7,4,1425.5747,0,0.0000,0.0042,0.0065,0
193,1378661700,PABFD_Real,7,4,1425.8042,0,0.0000,0.0050,0.0098,0
194,1378662000,PABFD_Real,7,4,1425.8331,0,0.0000,0.0051,0.0102,0
195,1378662300,PABFD_Real,7,4,1426.0146,0,0.0000,0.0057,0.0112,0
196,1378662600,PABFD_Real,7,4,1425.5949,0,0.0000,0.0042,0.0069,0
197,1378662900,PABFD_Real,7,4,1425.5449,0,0.0000,0.0040,0.0065,0
198,1378663200,PABFD_Real,7,4,1425.5977,0,0.0000,0.0042,0.0069,0
199,1378663500,PABFD_Real,7,4,1425.6352,0,0.0000,0.0044,0.0076,0
200,1378663800,PABFD_Real,7,4,1425.5804,0,0.0000,0.0042,0.0067,0
201,1378664100,PABFD_Real,7,4,1425.5391,0,0.0000,0.0040,0.0063,0
202,1378664400,PABFD_Real,7,4,1425.5641,0,0.0000,0.0041,0.0064,0
203,1378664700,PABFD_Real,7,4,1425.5430,0,0.0000,0.0040,0.0064,0
204,1378665000,PABFD_Real,7,4,1425.6073,0,0.0000,0.0043,0.0072,0
205,1378665300,PABFD_Real,7,4,1425.8888,0,0.0000,0.0053,0.0112,0
206,1378665600,PABFD_Real,7,4,1425.5929,0,0.0000,0.0042,0.0068,0
207,1378665900,PABFD_Real,7,4,1425.8302,0,0.0000,0.0051,0.0084,0
208,1378666200,PABFD_Real,7,4,1425.5507,0,0.0000,0.0041,0.0062,0
209,1378666500,PABFD_Real,7,4,1425.5315,0,0.0000,0.0040,0.0065,0
210,1378666800,PABFD_Real,7,4,1425.8167,0,0.0000,0.0050,0.0100,0
211,1378667100,PABFD_Real,7,4,1425.7966,0,0.0000,0.0049,0.0099,0
212,1378667400,PABFD_Real,7,4,1425.7428,0,0.0000,0.0047,0.0090,0
213,1378667700,PABFD_Real,7,4,1425.5353,0,0.0000,0.0040,0.0063,0
214,1378668000,PABFD_Real,7,4,1425.6967,0,0.0000,0.0046,0.0083,0
215,1378668300,PABFD_Real,7,4,1425.5411,0,0.0000,0.0040,0.0064,0
216,1378668600,PABFD_Real,7,4,1425.5776,0,0.0000,0.0042,0.0065,0
217,1378668900,PABFD_Real,7,4,1425.5737,0,0.0000,0.0042,0.0067,0
218,1378669200,PABFD_Real,7,4,1425.5795,0,0.0000,0.0042,0.0067,0
219,1378669500,PABFD_Real,7,4,1425.9579,0,0.0000,0.0055,0.0101,0
220,1378669800,PABFD_Real,7,4,1425.6679,0,0.0000,0.0045,0.0079,0
221,1378670100,PABFD_Real,7,4,1425.5411,0,0.0000,0.0040,0.0064,0
222,1378670400,PABFD_Real,7,4,1425.5670,0,0.0000,0.0041,0.0064,0
223,1378670700,PABFD_Real,7,4,1425.5391,0,0.0000,0.0040,0.0062,0
224,1378671000,PABFD_Real,7,4,1425.5852,0,0.0000,0.0042,0.0067,0
225,1378671300,PABFD_Real,7,4,1425.6851,0,0.0000,0.0045,0.0084,0
226,1378671600,PABFD_Real,7,4,1425.7005,0,0.0000,0.0046,0.0084,0
227,1378671900,PABFD_Real,7,4,1425.5257,0,0.0000,0.0040,0.0064,0
228,1378672200,PABFD_Real,7,4,1425.5689,0,0.0000,0.0041,0.0065,0
229,1378672500,PABFD_Real,7,4,1425.5699,0,0.0000,0.0041,0.0064,0
230,1378672800,PABFD_Real,7,4,1425.5997,0,0.0000,0.0042,0.0070,0
231,1378673100,PABFD_Real,7,4,1426.1529,0,0.0000,0.0062,0.0117,0
232,1378673400,PABFD_Real,7,4,1425.8119,0,0.0000,0.0050,0.0099,0
233,1378673700,PABFD_Real,7,4,1425.6755,0,0.0000,0.0045,0.0083,0
234,1378674000,PABFD_Real,7,4,1425.5737,0,0.0000,0.0042,0.0065,0
235,1378674300,PABFD_Real,7,4,1425.5449,0,0.0000,0.0040,0.0062,0
236,1378674600,PABFD_Real,7,4,1425.5852,0,0.0000,0.0042,0.0067,0
237,1378674900,PABFD_Real,7,4,1425.5391,0,0.0000,0.0040,0.0063,0
238,1378675200,PABFD_Real,7,4,1426.2307,0,0.0000,0.0065,0.0123,0
239,1378675500,PABFD_Real,7,4,1425.5488,0,0.0000,0.0041,0.0064,0
240,1378675800,PABFD_Real,7,4,1425.5670,0,0.0000,0.0041,0.0065,0
241,1378676100,PABFD_Real,7,4,1425.6765,0,0.0000,0.0045,0.0075,0
242,1378676400,PABFD_Real,7,4,1425.6871,0,0.0000,0.0046,0.0076,0
243,1378676700,PABFD_Real,7,4,1425.7860,0,0.0000,0.0049,0.0077,0
244,1378677000,PABFD_Real,7,4,1425.5689,0,0.0000,0.0041,0.0065,0
245,1378677300,PABFD_Real,7,4,1425.5065,0,0.0000,0.0039,0.0065,0
246,1378677600,PABFD_Real,7,4,1425.5497,0,0.0000,0.0041,0.0064,0
247,1378677900,PABFD_Real,7,4,1425.5439,0,0.0000,0.0040,0.0063,0
248,1378678200,PABFD_Real,7,4,1425.5756,0,0.0000,0.0042,0.0067,0
249,1378678500,PABFD_Real,7,4,1425.5161,0,0.0000,0.0039,0.0062,0
250,1378678800,PABFD_Real,7,4,1425.5401,0,0.0000,0.0040,0.0064,0
251,1378679100,PABFD_Real,7,4,1425.5132,0,0.0000,0.0039,0.0064,0
252,1378679400,PABFD_Real,7,4,1426.2643,0,0.0000,0.0066,0.0128,0
253,1378679700,PABFD_Real,7,4,1425.5449,0,0.0000,0.0040,0.0063,0
254,1378680000,PABFD_Real,7,4,1425.5641,0,0.0000,0.0041,0.0068,0
255,1378680300,PABFD_Real,7,4,1425.9435,0,0.0000,0.0055,0.0104,0
256,1378680600,PABFD_Real,7,4,1425.6525,0,0.0000,0.0044,0.0081,0
257,1378680900,PABFD_Real,7,4,1425.6294,0,0.0000,0.0043,0.0075,0
258,1378681200,PABFD_Real,7,4,1425.7437,0,0.0000,0.0048,0.0090,0
259,1378681500,PABFD_Real,7,4,1425.6275,0,0.0000,0.0043,0.0075,0
260,1378681800,PABFD_Real,7,4,1425.6410,0,0.0000,0.0044,0.0077,0
261,1378682100,PABFD_Real,7,4,1425.5391,0,0.0000,0.0040,0.0062,0
262,1378682400,PABFD_Real,7,4,1425.5411,0,0.0000,0.0040,0.0063,0
263,1378682700,PABFD_Real,7,4,1425.5026,0,0.0000,0.0039,0.0064,0
264,1378683000,PABFD_Real,7,4,1425.6198,1,0.1429,0.0043,0.0078,0
265,1378683300,PABFD_Real,7,4,1425.5660,1,0.1429,0.0041,0.0065,0
266,1378683600,PABFD_Real,7,4,1425.5708,1,0.1429,0.0041,0.0067,0
267,1378683900,PABFD_Real,7,4,1425.9089,1,0.1429,0.0053,0.0096,0
268,1378684200,PABFD_Real,7,4,1425.7044,1,0.1429,0.0046,0.0094,0
269,1378684500,PABFD_Real,7,4,1425.5036,1,0.1429,0.0039,0.0064,0
270,1378684800,PABFD_Real,7,4,1426.3565,1,0.1429,0.0069,0.0125,0
271,1378685100,PABFD_Real,7,4,1425.6045,1,0.1429,0.0043,0.0070,0
272,1378685400,PABFD_Real,7,4,1425.6919,1,0.1429,0.0046,0.0085,0
273,1378685700,PABFD_Real,7,4,1425.5382,1,0.1429,0.0040,0.0062,0
274,1378686000,PABFD_Real,7,4,1425.5920,1,0.1429,0.0042,0.0070,0
275,1378686300,PABFD_Real,7,4,1429.6366,1,0.1429,0.0185,0.0607,0
276,1378686600,PABFD_Real,7,4,1430.0852,1,0.1429,0.0201,0.0657,0
277,1378686900,PABFD_Real,7,4,1428.5051,0,0.0000,0.0145,0.0432,0
278,1378687200,PABFD_Real,7,4,1425.5247,0,0.0000,0.0040,0.0067,0
279,1378687500,PABFD_Real,7,4,1425.8494,0,0.0000,0.0051,0.0087,0
280,1378687800,PABFD_Real,7,4,1425.7908,0,0.0000,0.0049,0.0100,0
281,1378688100,PABFD_Real,7,4,1425.7159,0,0.0000,0.0047,0.0089,0
282,1378688400,PABFD_Real,7,4,1425.5228,0,0.0000,0.0040,0.0064,0
283,1378688700,PABFD_Real,7,4,1425.5074,0,0.0000,0.0039,0.0062,0
284,1378689000,PABFD_Real,7,4,1425.5334,0,0.0000,0.0040,0.0067,0
285,1378689300,PABFD_Real,7,4,1425.5430,0,0.0000,0.0040,0.0061,0
286,1378689600,PABFD_Real,7,4,1425.5372,0,0.0000,0.0040,0.0063,0
287,1378689900,PABFD_Real,7,4,1425.5526,0,0.0000,0.0041,0.0064,0
288,1378690200,PABFD_Real,7,4,1425.5449,0,0.0000,0.0040,0.0063,0
289,1378690500,PABFD_Real,7,4,1425.5872,0,0.0000,0.0042,0.0062,0
290,1378690800,PABFD_Real,7,4,1425.6496,0,0.0000,0.0044,0.0069,0
291,1378691100,PABFD_Real,7,4,1425.8792,0,0.0000,0.0052,0.0083,0
292,1378691400,PABFD_Real,7,4,1425.6045,0,0.0000,0.0043,0.0073,0
293,1378691700,PABFD_Real,7,4,1425.5737,0,0.0000,0.0042,0.0066,0
294,1378692000,PABFD_Real,7,4,1425.5516,0,0.0000,0.0041,0.0065,0
295,1378692300,PABFD_Real,7,4,1425.5353,0,0.0000,0.0040,0.0063,0
296,1378692600,PABFD_Real,7,4,1425.8580,0,0.0000,0.0052,0.0095,0
297,1378692900,PABFD_Real,7,4,1425.7764,0,0.0000,0.0049,0.0087,0
298,1378693200,PABFD_Real,7,4,1425.5430,0,0.0000,0.0040,0.0064,0
299,1378693500,PABFD_Real,7,4,1425.5545,0,0.0000,0.0041,0.0063,0
300,1378693800,PABFD_Real,7,4,1425.5564,0,0.0000,0.0041,0.0064,0
301,1378694100,PABFD_Real,7,4,1425.6794,0,0.0000,0.0045,0.0073,0
302,1378694400,PABFD_Real,7,4,1425.7754,0,0.0000,0.0049,0.0102,0
303,1378694700,PABFD_Real,7,4,1426.0184,0,0.0000,0.0057,0.0093,0
304,1378695000,PABFD_Real,7,4,1425.5372,0,0.0000,0.0040,0.0063,0
305,1378695300,PABFD_Real,7,4,1425.5516,0,0.0000,0.0041,0.0064,0
306,1378695600,PABFD_Real,7,4,1425.5632,0,0.0000,0.0041,0.0065,0
307,1378695900,PABFD_Real,7,4,1425.6467,0,0.0000,0.0044,0.0069,0
308,1378696200,PABFD_Real,7,4,1425.6179,0,0.0000,0.0043,0.0074,0
309,1378696500,PABFD_Real,7,4,1425.5555,0,0.0000,0.0041,0.0062,0
310,1378696800,PABFD_Real,7,4,1425.6842,0,0.0000,0.0045,0.0074,0
311,1378697100,PABFD_Real,7,4,1425.7553,0,0.0000,0.0048,0.0083,0
312,1378697400,PABFD_Real,7,4,1425.6890,0,0.0000,0.0046,0.0074,0
313,1378697700,PABFD_Real,7,4,1426.1231,0,0.0000,0.0061,0.0100,0
314,1378698000,PABFD_Real,7,4,1425.8624,0,0.0000,0.0052,0.0103,0
315,1378698300,PABFD_Real,7,4,1426.1222,0,0.0000,0.0061,0.0112,0
316,1378698600,PABFD_Real,7,4,1425.5430,0,0.0000,0.0040,0.0063,0
317,1378698900,PABFD_Real,7,4,1425.5497,0,0.0000,0.0041,0.0064,0
318,1378699200,PABFD_Real,7,4,1425.5507,0,0.0000,0.0041,0.0064,0
319,1378699500,PABFD_Real,7,4,1425.5603,0,0.0000,0.0041,0.0062,0
320,1378699800,PABFD_Real,7,4,1425.5814,0,0.0000,0.0042,0.0067,0
321,1378700100,PABFD_Real,7,4,1425.5785,0,0.0000,0.0042,0.0062,0
322,1378700400,PABFD_Real,7,4,1425.5439,0,0.0000,0.0040,0.0063,0
323,1378700700,PABFD_Real,7,4,1425.6448,0,0.0000,0.0044,0.0068,0
324,1378701000,PABFD_Real,7,4,1425.6381,0,0.0000,0.0044,0.0067,0
325,1378701300,PABFD_Real,7,4,1425.6266,0,0.0000,0.0043,0.0066,0
326,1378701600,PABFD_Real,7,4,1425.8196,0,0.0000,0.0050,0.0066,0
327,1378701900,PABFD_Real,7,4,1425.8600,0,0.0000,0.0052,0.0086,0
328,1378702200,PABFD_Real,7,4,1425.5391,0,0.0000,0.0040,0.0063,0
329,1378702500,PABFD_Real,7,4,1425.5534,0,0.0000,0.0041,0.0063,0
330,1378702800,PABFD_Real,7,4,1425.5536,0,0.0000,0.0041,0.0065,0
331,1378703100,PABFD_Real,7,4,1425.7706,0,0.0000,0.0048,0.0097,0
332,1378703400,PABFD_Real,7,4,1425.6602,0,0.0000,0.0045,0.0083,0
333,1378703700,PABFD_Real,7,4,1425.5411,0,0.0000,0.0040,0.0063,0
334,1378704000,PABFD_Real,7,4,1426.0578,0,0.0000,0.0059,0.0102,0
335,1378704300,PABFD_Real,7,4,1425.6775,0,0.0000,0.0045,0.0072,0
336,1378704600,PABFD_Real,7,4,1425.7620,0,0.0000,0.0048,0.0077,0
337,1378704900,PABFD_Real,7,4,1425.8148,0,0.0000,0.0050,0.0098,0
338,1378705200,PABFD_Real,7,4,1425.5603,0,0.0000,0.0041,0.0066,0
339,1378705500,PABFD_Real,7,4,1425.8993,0,0.0000,0.0053,0.0091,0
340,1378705800,PABFD_Real,7,4,1425.7120,0,0.0000,0.0046,0.0088,0
341,1378706100,PABFD_Real,7,4,1425.6035,0,0.0000,0.0043,0.0074,0
342,1378706400,PABFD_Real,7,4,1425.5488,0,0.0000,0.0041,0.0065,0
343,1378706700,PABFD_Real,7,4,1425.7053,0,0.0000,0.0046,0.0084,0
344,1378707000,PABFD_Real,7,4,1425.5660,0,0.0000,0.0041,0.0067,0
345,1378707300,PABFD_Real,7,4,1425.5526,0,0.0000,0.0041,0.0063,0
346,1378707600,PABFD_Real,7,4,1425.7735,0,0.0000,0.0049,0.0096,0
347,1378707900,PABFD_Real,7,4,1425.7140,0,0.0000,0.0046,0.0086,0
348,1378708200,PABFD_Real,7,4,1425.7581,0,0.0000,0.0048,0.0093,0
349,1378708500,PABFD_Real,7,4,1426.0059,0,0.0000,0.0057,0.0125,0
350,1378708800,PABFD_Real,7,4,1425.6851,0,0.0000,0.0045,0.0084,0
351,1378709100,PABFD_Real,7,4,1425.8475,0,0.0000,0.0051,0.0086,0
352,1378709400,PABFD_Real,7,4,1425.5468,0,0.0000,0.0041,0.0064,0
353,1378709700,PABFD_Real,7,4,1425.5660,0,0.0000,0.0041,0.0065,0
354,1378710000,PABFD_Real,7,4,1425.5612,0,0.0000,0.0041,0.0066,0
355,1378710300,PABFD_Real,7,4,1425.7975,0,0.0000,0.0049,0.0098,0
356,1378710600,PABFD_Real,7,4,1425.7629,0,0.0000,0.0048,0.0094,0
357,1378710900,PABFD_Real,7,4,1425.5478,0,0.0000,0.0041,0.0063,0
358,1378711200,PABFD_Real,7,4,1425.5411,0,0.0000,0.0040,0.0064,0
359,1378711500,PABFD_Real,7,4,1425.5584,0,0.0000,0.0041,0.0064,0
360,1378711800,PABFD_Real,7,4,1425.5564,0,0.0000,0.0041,0.0065,0
361,1378712100,PABFD_Real,7,4,1425.5574,0,0.0000,0.0041,0.0062,0
362,1378712400,PABFD_Real,7,4,1425.8820,0,0.0000,0.0052,0.0110,0
363,1378712700,PABFD_Real,7,4,1425.9176,0,0.0000,0.0054,0.0096,0
364,1378713000,PABFD_Real,7,4,1425.5526,0,0.0000,0.0041,0.0067,0
365,1378713300,PABFD_Real,7,4,1425.5737,0,0.0000,0.0042,0.0067,0
366,1378713600,PABFD_Real,7,4,1425.5651,0,0.0000,0.0041,0.0067,0
367,1378713900,PABFD_Real,7,4,1425.5872,0,0.0000,0.0042,0.0067,0
368,1378714200,PABFD_Real,7,4,1425.6525,0,0.0000,0.0044,0.0079,0
369,1378714500,PABFD_Real,7,4,1425.5987,0,0.0000,0.0042,0.0067,0
370,1378714800,PABFD_Real,7,4,1425.5430,0,0.0000,0.0040,0.0064,0
371,1378715100,PABFD_Real,7,4,1425.5776,0,0.0000,0.0042,0.0066,0
372,1378715400,PABFD_Real,7,4,1425.5593,0,0.0000,0.0041,0.0065,0
373,1378715700,PABFD_Real,7,4,1425.5862,0,0.0000,0.0042,0.0065,0
374,1378716000,PABFD_Real,7,4,1425.5680,0,0.0000,0.0041,0.0067,0
375,1378716300,PABFD_Real,7,4,1425.8763,0,0.0000,0.0052,0.0085,0
376,1378716600,PABFD_Real,7,4,1425.5391,0,0.0000,0.0040,0.0063,0
377,1378716900,PABFD_Real,7,4,1425.5776,0,0.0000,0.0042,0.0066,0
378,1378717200,PABFD_Real,7,4,1425.5343,0,0.0000,0.0040,0.0065,0
379,1378717500,PABFD_Real,7,4,1425.6765,0,0.0000,0.0045,0.0079,0
380,1378717800,PABFD_Real,7,4,1425.5584,0,0.0000,0.0041,0.0066,0
381,1378718100,PABFD_Real,7,4,1425.5593,0,0.0000,0.0041,0.0064,0
382,1378718400,PABFD_Real,7,4,1425.5295,0,0.0000,0.0040,0.0062,0
383,1378718700,PABFD_Real,7,4,1425.5804,0,0.0000,0.0042,0.0067,0
384,1378719000,PABFD_Real,7,4,1425.5411,0,0.0000,0.0040,0.0063,0
385,1378719300,PABFD_Real,7,4,1425.5862,0,0.0000,0.0042,0.0066,0
386,1378719600,PABFD_Real,7,4,1425.6025,0,0.0000,0.0043,0.0072,0
387,1378719900,PABFD_Real,7,4,1425.9791,0,0.0000,0.0056,0.0100,0
388,1378720200,PABFD_Real,7,4,1425.5776,0,0.0000,0.0042,0.0069,0
389,1378720500,PABFD_Real,7,4,1425.5718,0,0.0000,0.0041,0.0065,0
390,1378720800,PABFD_Real,7,4,1425.5574,0,0.0000,0.0041,0.0065,0
391,1378721100,PABFD_Real,7,4,1425.5862,0,0.0000,0.0042,0.0067,0
392,1378721400,PABFD_Real,7,4,1425.6237,0,0.0000,0.0043,0.0075,0
393,1378721700,PABFD_Real,7,4,1425.6275,0,0.0000,0.0043,0.0073,0
394,1378722000,PABFD_Real,7,4,1425.5449,0,0.0000,0.0040,0.0064,0
395,1378722300,PABFD_Real,7,4,1425.5641,0,0.0000,0.0041,0.0064,0
396,1378722600,PABFD_Real,7,4,1425.5334,0,0.0000,0.0040,0.0062,0
397,1378722900,PABFD_Real,7,4,1425.7178,0,0.0000,0.0047,0.0085,0
398,1378723200,PABFD_Real,7,4,1425.5660,0,0.0000,0.0041,0.0067,0
399,1378723500,PABFD_Real,7,4,1426.0674,0,0.0000,0.0059,0.0118,0
400,1378723800,PABFD_Real,7,4,1425.7082,0,0.0000,0.0046,0.0087,0
401,1378724100,PABFD_Real,7,4,1425.5776,0,0.0000,0.0042,0.0066,0
402,1378724400,PABFD_Real,7,4,1425.5401,0,0.0000,0.0040,0.0063,0
403,1378724700,PABFD_Real,7,4,1425.5622,0,0.0000,0.0041,0.0065,0
404,1378725000,PABFD_Real,7,4,1425.5603,0,0.0000,0.0041,0.0066,0
405,1378725300,PABFD_Real,7,4,1425.6534,0,0.0000,0.0044,0.0077,0
406,1378725600,PABFD_Real,7,4,1425.6659,0,0.0000,0.0045,0.0062,0
407,1378725900,PABFD_Real,7,4,1425.5584,0,0.0000,0.0041,0.0064,0
408,1378726200,PABFD_Real,7,4,1425.5997,0,0.0000,0.0042,0.0065,0
409,1378726500,PABFD_Real,7,4,1425.6467,0,0.0000,0.0044,0.0068,0
410,1378726800,PABFD_Real,7,4,1425.8465,0,0.0000,0.0051,0.0076,0
411,1378727100,PABFD_Real,7,4,1426.0866,0,0.0000,0.0060,0.0105,0
412,1378727400,PABFD_Real,7,4,1425.5411,0,0.0000,0.0040,0.0066,0
413,1378727700,PABFD_Real,7,4,1425.5699,0,0.0000,0.0041,0.0066,0
414,1378728000,PABFD_Real,7,4,1425.5526,0,0.0000,0.0041,0.0064,0
415,1378728300,PABFD_Real,7,4,1425.5824,0,0.0000,0.0042,0.0066,0
416,1378728600,PABFD_Real,7,4,1425.5910,0,0.0000,0.0042,0.0065,0
417,1378728900,PABFD_Real,7,4,1425.5564,0,0.0000,0.0041,0.0063,0
418,1378729200,PABFD_Real,7,4,1425.5315,0,0.0000,0.0040,0.0062,0
419,1378729500,PABFD_Real,7,4,1425.5622,0,0.0000,0.0041,0.0065,0
420,1378729800,PABFD_Real,7,4,1425.5545,0,0.0000,0.0041,0.0064,0
421,1378730100,PABFD_Real,7,4,1425.6803,0,0.0000,0.0045,0.0079,0
422,1378730400,PABFD_Real,7,4,1425.5488,0,0.0000,0.0041,0.0065,0
423,1378730700,PABFD_Real,7,4,1425.9752,0,0.0000,0.0056,0.0099,0
424,1378731000,PABFD_Real,7,4,1425.5420,0,0.0000,0.0040,0.0063,0
425,1378731300,PABFD_Real,7,4,1425.5881,0,0.0000,0.0042,0.0068,0
426,1378731600,PABFD_Real,7,4,1425.5670,0,0.0000,0.0041,0.0067,0
427,1378731900,PABFD_Real,7,4,1425.5776,0,0.0000,0.0042,0.0065,0
428,1378732200,PABFD_Real,7,4,1425.5622,0,0.0000,0.0041,0.0067,0
429,1378732500,PABFD_Real,7,4,1425.5756,0,0.0000,0.0042,0.0066,0
430,1378732800,PABFD_Real,7,4,1425.5756,0,0.0000,0.0042,0.0065,0
431,1378733100,PABFD_Real,7,4,1425.6640,0,0.0000,0.0045,0.0079,0
432,1378733400,PABFD_Real,7,4,1425.5699,0,0.0000,0.0041,0.0066,0
433,1378733700,PABFD_Real,7,4,1425.7380,0,0.0000,0.0047,0.0076,0
434,1378734000,PABFD_Real,7,4,1425.6371,0,0.0000,0.0044,0.0077,0
435,1378734300,PABFD_Real,7,4,1425.8868,0,0.0000,0.0053,0.0085,0
436,1378734600,PABFD_Real,7,4,1425.7140,0,0.0000,0.0046,0.0088,0
437,1378734900,PABFD_Real,7,4,1425.7860,0,0.0000,0.0049,0.0095,0
438,1378735200,PABFD_Real,7,4,1425.6073,0,0.0000,0.0043,0.0065,0
439,1378735500,PABFD_Real,7,4,1425.6035,0,0.0000,0.0043,0.0067,0
440,1378735800,PABFD_Real,7,4,1425.5756,0,0.0000,0.0042,0.0068,0
441,1378736100,PABFD_Real,7,4,1425.5814,0,0.0000,0.0042,0.0067,0
442,1378736400,PABFD_Real,7,4,1425.6506,1,0.1429,0.0044,0.0068,0
443,1378736700,PABFD_Real,7,4,1425.7380,1,0.1429,0.0047,0.0077,0
444,1378737000,PABFD_Real,7,4,1425.6832,1,0.1429,0.0045,0.0076,0
445,1378737300,PABFD_Real,7,4,1425.7783,0,0.0000,0.0049,0.0076,0
446,1378737600,PABFD_Real,7,4,1425.5833,0,0.0000,0.0042,0.0068,0
447,1378737900,PABFD_Real,7,4,1426.1961,0,0.0000,0.0064,0.0112,0
448,1378738200,PABFD_Real,7,4,1425.5468,0,0.0000,0.0041,0.0064,0
449,1378738500,PABFD_Real,7,4,1425.6237,0,0.0000,0.0043,0.0073,0
450,1378738800,PABFD_Real,7,4,1425.5670,0,0.0000,0.0041,0.0067,0
451,1378739100,PABFD_Real,7,4,1425.5910,0,0.0000,0.0042,0.0067,0
452,1378739400,PABFD_Real,7,4,1425.5718,0,0.0000,0.0041,0.0068,0
453,1378739700,PABFD_Real,7,4,1425.6376,0,0.0000,0.0044,0.0066,0
454,1378740000,PABFD_Real,7,4,1428.0969,0,0.0000,0.0131,0.0371,0
455,1378740300,PABFD_Real,7,4,1428.2401,0,0.0000,0.0136,0.0401,0
456,1378740600,PABFD_Real,7,4,1428.2170,0,0.0000,0.0135,0.0402,0
457,1378740900,PABFD_Real,7,4,1428.5306,0,0.0000,0.0146,0.0401,0
458,1378741200,PABFD_Real,7,4,1428.3390,0,0.0000,0.0139,0.0398,0
459,1378741500,PABFD_Real,7,4,1428.6656,0,0.0000,0.0151,0.0394,0
460,1378741800,PABFD_Real,7,4,1428.1344,0,0.0000,0.0132,0.0381,0
461,1378742100,PABFD_Real,7,4,1428.1258,0,0.0000,0.0132,0.0381,0
462,1378742400,PABFD_Real,7,4,1428.1459,0,0.0000,0.0132,0.0382,0
463,1378742700,PABFD_Real,7,4,1428.3616,0,0.0000,0.0140,0.0390,0
464,1378743000,PABFD_Real,7,4,1428.2377,0,0.0000,0.0136,0.0399,0
465,1378743300,PABFD_Real,7,4,1428.3529,0,0.0000,0.0140,0.0404,0
466,1378743600,PABFD_Real,7,4,1428.1003,0,0.0000,0.0131,0.0389,0
467,1378743900,PABFD_Real,7,4,1428.2501,0,0.0000,0.0136,0.0393,0
468,1378744200,PABFD_Real,7,4,1428.5076,0,0.0000,0.0145,0.0404,0
469,1378744500,PABFD_Real,7,4,1428.7357,0,0.0000,0.0153,0.0407,0
470,1378744800,PABFD_Real,7,4,1428.1699,0,0.0000,0.0133,0.0395,0
471,1378745100,PABFD_Real,7,4,1428.5724,0,0.0000,0.0148,0.0403,0
472,1378745400,PABFD_Real,7,4,1428.4221,0,0.0000,0.0142,0.0403,0
473,1378745700,PABFD_Real,7,4,1428.3039,0,0.0000,0.0138,0.0410,0
474,1378746000,PABFD_Real,7,4,1428.2842,0,0.0000,0.0137,0.0411,0
475,1378746300,PABFD_Real,7,4,1428.1637,0,0.0000,0.0133,0.0390,0
476,1378746600,PABFD_Real,7,4,1428.0561,0,0.0000,0.0129,0.0379,0
477,1378746900,PABFD_Real,7,4,1428.1728,0,0.0000,0.0133,0.0393,0
478,1378747200,PABFD_Real,7,4,1428.2732,0,0.0000,0.0137,0.0393,0
479,1378747500,PABFD_Real,7,4,1428.2156,0,0.0000,0.0135,0.0391,0
480,1378747800,PABFD_Real,7,4,1428.1171,0,0.0000,0.0131,0.0389,0
481,1378748100,PABFD_Real,7,4,1428.2967,0,0.0000,0.0138,0.0382,0
482,1378748400,PABFD_Real,7,4,1428.1988,0,0.0000,0.0134,0.0388,0
483,1378748700,PABFD_Real,7,4,1428.5589,0,0.0000,0.0147,0.0390,0
484,1378749000,PABFD_Real,7,4,1428.0484,0,0.0000,0.0129,0.0380,0
485,1378749300,PABFD_Real,7,4,1428.0273,0,0.0000,0.0128,0.0373,0
486,1378749600,PABFD_Real,7,4,1427.9394,0,0.0000,0.0125,0.0361,0
487,1378749900,PABFD_Real,7,4,1427.6700,0,0.0000,0.0116,0.0322,0
488,1378750200,PABFD_Real,7,4,1428.1627,0,0.0000,0.0133,0.0385,0
489,1378750500,PABFD_Real,7,4,1428.0854,0,0.0000,0.0130,0.0383,0
490,1378750800,PABFD_Real,7,4,1428.1546,0,0.0000,0.0133,0.0396,0
491,1378751100,PABFD_Real,7,4,1428.1603,0,0.0000,0.0133,0.0392,0
492,1378751400,PABFD_Real,7,4,1428.0273,0,0.0000,0.0128,0.0375,0
493,1378751700,PABFD_Real,7,4,1427.7555,0,0.0000,0.0119,0.0335,0
494,1378752000,PABFD_Real,7,4,1427.7680,0,0.0000,0.0119,0.0336,0
495,1378752300,PABFD_Real,7,4,1428.6041,0,0.0000,0.0149,0.0391,0
496,1378752600,PABFD_Real,7,4,1428.4240,0,0.0000,0.0142,0.0397,0
497,1378752900,PABFD_Real,7,4,1428.4446,0,0.0000,0.0143,0.0391,0
498,1378753200,PABFD_Real,7,4,1428.0249,0,0.0000,0.0128,0.0375,0
499,1378753500,PABFD_Real,7,4,1427.7512,0,0.0000,0.0118,0.0335,0
500,1378753800,PABFD_Real,7,4,1427.7598,0,0.0000,0.0119,0.0337,0
501,1378754100,PABFD_Real,7,4,1428.1406,0,0.0000,0.0132,0.0391,0
502,1378754400,PABFD_Real,7,4,1428.1973,0,0.0000,0.0134,0.0400,0
503,1378754700,PABFD_Real,7,4,1428.2328,0,0.0000,0.0136,0.0402,0
504,1378755000,PABFD_Real,7,4,1428.1637,0,0.0000,0.0133,0.0395,0
505,1378755300,PABFD_Real,7,4,1427.8890,0,0.0000,0.0123,0.0354,0
506,1378755600,PABFD_Real,7,4,1427.6450,0,0.0000,0.0115,0.0320,0
507,1378755900,PABFD_Real,7,4,1428.4610,0,0.0000,0.0144,0.0403,0
508,1378756200,PABFD_Real,7,4,1428.5234,0,0.0000,0.0146,0.0398,0
509,1378756500,PABFD_Real,7,4,1428.3347,0,0.0000,0.0139,0.0384,0
510,1378756800,PABFD_Real,7,4,1428.3966,0,0.0000,0.0141,0.0398,0
511,1378757100,PABFD_Real,7,4,1428.1964,0,0.0000,0.0134,0.0397,0
512,1378757400,PABFD_Real,7,4,1428.2012,0,0.0000,0.0134,0.0398,0
513,1378757700,PABFD_Real,7,4,1428.1301,0,0.0000,0.0132,0.0390,0
514,1378758000,PABFD_Real,7,4,1427.9332,0,0.0000,0.0125,0.0364,0
515,1378758300,PABFD_Real,7,4,1428.0446,0,0.0000,0.0129,0.0376,0
516,1378758600,PABFD_Real,7,4,1428.1757,0,0.0000,0.0134,0.0396,0
517,1378758900,PABFD_Real,7,4,1428.0052,0,0.0000,0.0127,0.0371,0
518,1378759200,PABFD_Real,7,4,1428.1579,0,0.0000,0.0133,0.0392,0
519,1378759500,PABFD_Real,7,4,1428.5815,0,0.0000,0.0148,0.0403,0
520,1378759800,PABFD_Real,7,4,1428.1685,0,0.0000,0.0133,0.0386,0
521,1378760100,PABFD_Real,7,4,1428.2132,0,0.0000,0.0135,0.0399,0
522,1378760400,PABFD_Real,7,4,1428.3832,0,0.0000,0.0141,0.0409,0
523,1378760700,PABFD_Real,7,4,1428.2314,0,0.0000,0.0135,0.0348,0
524,1378761000,PABFD_Real,7,4,1428.2617,0,0.0000,0.0137,0.0404,0
525,1378761300,PABFD_Real,7,4,1428.1805,0,0.0000,0.0134,0.0399,0
526,1378761600,PABFD_Real,7,4,1428.5964,0,0.0000,0.0148,0.0457,0
527,1378761900,PABFD_Real,7,4,1428.2439,0,0.0000,0.0136,0.0406,0
528,1378762200,PABFD_Real,7,4,1428.1968,0,0.0000,0.0134,0.0400,0
529,1378762500,PABFD_Real,7,4,1428.2256,0,0.0000,0.0135,0.0383,0
530,1378762800,PABFD_Real,7,4,1428.5071,0,0.0000,0.0145,0.0405,0
531,1378763100,PABFD_Real,7,4,1428.6521,0,0.0000,0.0150,0.0399,0
532,1378763400,PABFD_Real,7,4,1428.0239,0,0.0000,0.0128,0.0376,0
533,1378763700,PABFD_Real,7,4,1428.0849,0,0.0000,0.0130,0.0385,0
534,1378764000,PABFD_Real,7,4,1428.2074,0,0.0000,0.0135,0.0389,0
535,1378764300,PABFD_Real,7,4,1428.1964,0,0.0000,0.0134,0.0393,0
536,1378764600,PABFD_Real,7,4,1427.1744,0,0.0000,0.0098,0.0253,0
537,1378764900,PABFD_Real,7,4,1425.6121,0,0.0000,0.0043,0.0074,0
538,1378765200,PABFD_Real,7,4,1425.7101,0,0.0000,0.0046,0.0085,0
539,1378765500,PABFD_Real,7,4,1425.5756,0,0.0000,0.0042,0.0068,0
540,1378765800,PABFD_Real,7,4,1426.3729,0,0.0000,0.0070,0.0134,0
541,1378766100,PABFD_Real,7,4,1425.8974,0,0.0000,0.0053,0.0092,0
542,1378766400,PABFD_Real,7,4,1425.5910,0,0.0000,0.0042,0.0067,0
543,1378766700,PABFD_Real,7,4,1425.9915,0,0.0000,0.0056,0.0093,0
544,1378767000,PABFD_Real,7,4,1425.5641,0,0.0000,0.0041,0.0064,0
545,1378767300,PABFD_Real,7,4,1425.5660,0,0.0000,0.0041,0.0067,0
546,1378767600,PABFD_Real,7,4,1425.7428,0,0.0000,0.0047,0.0077,0
547,1378767900,PABFD_Real,7,4,1425.9589,0,0.0000,0.0055,0.0109,0
548,1378768200,PABFD_Real,7,4,1425.6390,0,0.0000,0.0044,0.0067,0
549,1378768500,PABFD_Real,7,4,1425.5603,0,0.0000,0.0041,0.0066,0
550,1378768800,PABFD_Real,7,4,1425.5660,0,0.0000,0.0041,0.0065,0
551,1378769100,PABFD_Real,7,4,1425.8715,0,0.0000,0.0052,0.0095,0
552,1378769400,PABFD_Real,7,4,1425.5939,1,0.1429,0.0042,0.0067,0
553,1378769700,PABFD_Real,7,4,1425.6121,1,0.1429,0.0043,0.0071,0
554,1378770000,PABFD_Real,7,4,1425.7140,1,0.1429,0.0046,0.0085,0
555,1378770300,PABFD_Real,7,4,1426.0645,1,0.1429,0.0059,0.0097,0
556,1378770600,PABFD_Real,7,4,1425.7725,1,0.1429,0.0049,0.0076,0
557,1378770900,PABFD_Real,7,4,1425.6045,1,0.1429,0.0043,0.0068,0
558,1378771200,PABFD_Real,7,4,1426.2691,1,0.1429,0.0066,0.0115,0
559,1378771500,PABFD_Real,7,4,1425.5766,1,0.1429,0.0042,0.0067,0
560,1378771800,PABFD_Real,7,4,1425.5881,1,0.1429,0.0042,0.0068,0
561,1378772100,PABFD_Real,7,4,1425.5564,1,0.1429,0.0041,0.0066,0
562,1378772400,PABFD_Real,7,4,1425.6304,1,0.1429,0.0044,0.0065,0
563,1378772700,PABFD_Real,7,4,1429.7394,1,0.1429,0.0189,0.0596,0
564,1378773000,PABFD_Real,7,4,1430.3493,1,0.1429,0.0210,0.0649,0
565,1378773300,PABFD_Real,7,4,1429.3024,0,0.0000,0.0173,0.0505,0
566,1378773600,PABFD_Real,7,4,1425.8417,0,0.0000,0.0051,0.0105,0
567,1378773900,PABFD_Real,7,4,1425.8868,0,0.0000,0.0053,0.0094,0
568,1378774200,PABFD_Real,7,4,1425.5641,0,0.0000,0.0041,0.0065,0
569,1378774500,PABFD_Real,7,4,1425.5776,0,0.0000,0.0042,0.0069,0
570,1378774800,PABFD_Real,7,4,1425.5891,0,0.0000,0.0042,0.0067,0
571,1378775100,PABFD_Real,7,4,1425.5872,0,0.0000,0.0042,0.0068,0
572,1378775400,PABFD_Real,7,4,1425.5824,0,0.0000,0.0042,0.0068,0
573,1378775700,PABFD_Real,7,4,1425.5987,0,0.0000,0.0042,0.0072,0
574,1378776000,PABFD_Real,7,4,1425.5670,0,0.0000,0.0041,0.0066,0
575,1378776300,PABFD_Real,7,4,1425.5699,0,0.0000,0.0041,0.0068,0
576,1378776600,PABFD_Real,7,4,1425.5708,0,0.0000,0.0041,0.0066,0
577,1378776900,PABFD_Real,7,4,1425.5814,0,0.0000,0.0042,0.0068,0
578,1378777200,PABFD_Real,7,4,1425.5872,0,0.0000,0.0042,0.0068,0
579,1378777500,PABFD_Real,7,4,1425.8215,0,0.0000,0.0050,0.0082,0
580,1378777800,PABFD_Real,7,4,1425.6121,0,0.0000,0.0043,0.0071,0
581,1378778100,PABFD_Real,7,4,1425.6217,0,0.0000,0.0043,0.0068,0
582,1378778400,PABFD_Real,7,4,1425.6093,0,0.0000,0.0043,0.0070,0
583,1378778700,PABFD_Real,7,4,1425.8254,0,0.0000,0.0050,0.0103,0
584,1378779000,PABFD_Real,7,4,1425.7389,0,0.0000,0.0047,0.0087,0
585,1378779300,PABFD_Real,7,4,1425.5776,0,0.0000,0.0042,0.0067,0
586,1378779600,PABFD_Real,7,4,1425.5776,0,0.0000,0.0042,0.0065,0
587,1378779900,PABFD_Real,7,4,1425.5833,0,0.0000,0.0042,0.0070,0
588,1378780200,PABFD_Real,7,4,1425.7610,0,0.0000,0.0048,0.0082,0
589,1378780500,PABFD_Real,7,4,1425.5718,0,0.0000,0.0041,0.0067,0
590,1378780800,PABFD_Real,7,4,1425.5939,0,0.0000,0.0042,0.0068,0
591,1378781100,PABFD_Real,7,4,1425.9771,0,0.0000,0.0056,0.0095,0
592,1378781400,PABFD_Real,7,4,1425.5660,0,0.0000,0.0041,0.0065,0
593,1378781700,PABFD_Real,7,4,1425.5699,0,0.0000,0.0041,0.0068,0
594,1378782000,PABFD_Real,7,4,1425.5881,0,0.0000,0.0042,0.0067,0
595,1378782300,PABFD_Real,7,4,1425.6083,0,0.0000,0.0043,0.0072,0
596,1378782600,PABFD_Real,7,4,1425.5910,0,0.0000,0.0042,0.0068,0
597,1378782900,PABFD_Real,7,4,1425.5603,0,0.0000,0.0041,0.0066,0
598,1378783200,PABFD_Real,7,4,1425.5641,0,0.0000,0.0041,0.0064,0
599,1378783500,PABFD_Real,7,4,1425.6506,0,0.0000,0.0044,0.0079,0
600,1378783800,PABFD_Real,7,4,1425.8129,0,0.0000,0.0050,0.0078,0
601,1378784100,PABFD_Real,7,4,1425.7303,0,0.0000,0.0047,0.0080,0
602,1378784400,PABFD_Real,7,4,1425.5997,0,0.0000,0.0042,0.0069,0
603,1378784700,PABFD_Real,7,4,1426.1721,0,0.0000,0.0063,0.0107,0
604,1378785000,PABFD_Real,7,4,1425.7140,0,0.0000,0.0046,0.0083,0
605,1378785300,PABFD_Real,7,4,1425.5680,0,0.0000,0.0041,0.0067,0
606,1378785600,PABFD_Real,7,4,1425.5852,0,0.0000,0.0042,0.0067,0
607,1378785900,PABFD_Real,7,4,1425.5747,0,0.0000,0.0042,0.0067,0
608,1378786200,PABFD_Real,7,4,1425.5949,0,0.0000,0.0042,0.0069,0
609,1378786500,PABFD_Real,7,4,1425.5622,0,0.0000,0.0041,0.0067,0
610,1378786800,PABFD_Real,7,4,1425.5728,0,0.0000,0.0041,0.0067,0
611,1378787100,PABFD_Real,7,4,1425.7735,0,0.0000,0.0049,0.0096,0
612,1378787400,PABFD_Real,7,4,1425.5824,0,0.0000,0.0042,0.0067,0
613,1378787700,PABFD_Real,7,4,1425.6237,0,0.0000,0.0043,0.0065,0
614,1378788000,PABFD_Real,7,4,1425.6976,0,0.0000,0.0046,0.0070,0
615,1378788300,PABFD_Real,7,4,1425.8033,0,0.0000,0.0050,0.0080,0
616,1378788600,PABFD_Real,7,4,1425.5795,0,0.0000,0.0042,0.0067,0
617,1378788900,PABFD_Real,7,4,1425.5718,0,0.0000,0.0041,0.0068,0
618,1378789200,PABFD_Real,7,4,1425.6121,0,0.0000,0.0043,0.0067,0
619,1378789500,PABFD_Real,7,4,1425.6429,0,0.0000,0.0044,0.0067,0
620,1378789800,PABFD_Real,7,4,1425.6025,0,0.0000,0.0043,0.0070,0
621,1378790100,PABFD_Real,7,4,1425.5564,0,0.0000,0.0041,0.0066,0
622,1378790400,PABFD_Real,7,4,1426.2624,0,0.0000,0.0066,0.0126,0
623,1378790700,PABFD_Real,7,4,1425.5680,0,0.0000,0.0041,0.0067,0
624,1378791000,PABFD_Real,7,4,1425.5987,0,0.0000,0.0042,0.0067,0
625,1378791300,PABFD_Real,7,4,1425.5920,0,0.0000,0.0042,0.0065,0
626,1378791600,PABFD_Real,7,4,1425.6064,0,0.0000,0.0043,0.0069,0
627,1378791900,PABFD_Real,7,4,1425.8820,0,0.0000,0.0052,0.0083,0
628,1378792200,PABFD_Real,7,4,1425.6256,0,0.0000,0.0043,0.0067,0
629,1378792500,PABFD_Real,7,4,1425.5852,0,0.0000,0.0042,0.0070,0
630,1378792800,PABFD_Real,7,4,1425.6717,0,0.0000,0.0045,0.0078,0
631,1378793100,PABFD_Real,7,4,1425.6448,0,0.0000,0.0044,0.0077,0
632,1378793400,PABFD_Real,7,4,1425.7178,0,0.0000,0.0047,0.0081,0
633,1378793700,PABFD_Real,7,4,1425.5795,0,0.0000,0.0042,0.0067,0
634,1378794000,PABFD_Real,7,4,1425.9262,0,0.0000,0.0054,0.0091,0
635,1378794300,PABFD_Real,7,4,1425.5699,0,0.0000,0.0041,0.0068,0
636,1378794600,PABFD_Real,7,4,1425.7159,1,0.1429,0.0047,0.0079,0
637,1378794900,PABFD_Real,7,4,1425.8532,1,0.1429,0.0051,0.0099,0
638,1378795200,PABFD_Real,7,4,1425.7140,0,0.0000,0.0046,0.0074,0
639,1378795500,PABFD_Real,7,4,1426.0684,0,0.0000,0.0059,0.0115,0
640,1378795800,PABFD_Real,7,4,1425.8292,0,0.0000,0.0051,0.0102,0
641,1378796100,PABFD_Real,7,4,1425.6198,0,0.0000,0.0043,0.0075,0
642,1378796400,PABFD_Real,7,4,1425.5939,0,0.0000,0.0042,0.0068,0
643,1378796700,PABFD_Real,7,4,1425.5833,0,0.0000,0.0042,0.0069,0
644,1378797000,PABFD_Real,7,4,1425.6179,0,0.0000,0.0043,0.0069,0
645,1378797300,PABFD_Real,7,4,1425.5545,0,0.0000,0.0041,0.0065,0
646,1378797600,PABFD_Real,7,4,1425.5622,0,0.0000,0.0041,0.0064,0
647,1378797900,PABFD_Real,7,4,1426.8469,0,0.0000,0.0087,0.0211,0
648,1378798200,PABFD_Real,7,4,1428.1656,0,0.0000,0.0133,0.0393,0
649,1378798500,PABFD_Real,7,4,1428.2093,0,0.0000,0.0135,0.0395,0
650,1378798800,PABFD_Real,7,4,1428.4437,0,0.0000,0.0143,0.0395,0
651,1378799100,PABFD_Real,7,4,1428.6358,0,0.0000,0.0150,0.0395,0
652,1378799400,PABFD_Real,7,4,1428.0537,0,0.0000,0.0129,0.0374,0
653,1378799700,PABFD_Real,7,4,1428.0576,0,0.0000,0.0129,0.0380,0
654,1378800000,PABFD_Real,7,4,1428.2977,0,0.0000,0.0138,0.0387,0
655,1378800300,PABFD_Real,7,4,1428.1065,0,0.0000,0.0131,0.0387,0
656,1378800600,PABFD_Real,7,4,1428.1186,0,0.0000,0.0131,0.0386,0
657,1378800900,PABFD_Real,7,4,1428.0729,0,0.0000,0.0130,0.0385,0
658,1378801200,PABFD_Real,7,4,1428.0705,0,0.0000,0.0130,0.0382,0
659,1378801500,PABFD_Real,7,4,1426.4266,0,0.0000,0.0072,0.0148,0
660,1378801800,PABFD_Real,7,4,1425.7015,0,0.0000,0.0046,0.0071,0
661,1378802100,PABFD_Real,7,4,1425.5612,0,0.0000,0.0041,0.0065,0
662,1378802400,PABFD_Real,7,4,1425.5949,0,0.0000,0.0042,0.0070,0
663,1378802700,PABFD_Real,7,4,1425.8686,0,0.0000,0.0052,0.0087,0
664,1378803000,PABFD_Real,7,4,1425.5756,0,0.0000,0.0042,0.0066,0
665,1378803300,PABFD_Real,7,4,1425.5699,0,0.0000,0.0041,0.0068,0
666,1378803600,PABFD_Real,7,4,1425.5977,0,0.0000,0.0042,0.0069,0
667,1378803900,PABFD_Real,7,4,1425.5660,0,0.0000,0.0041,0.0066,0
668,1378804200,PABFD_Real,7,4,1425.5977,0,0.0000,0.0042,0.0070,0
669,1378804500,PABFD_Real,7,4,1425.5622,0,0.0000,0.0041,0.0067,0
670,1378804800,PABFD_Real,7,4,1425.5766,0,0.0000,0.0042,0.0066,0
671,1378805100,PABFD_Real,7,4,1425.5795,0,0.0000,0.0042,0.0069,0
672,1378805400,PABFD_Real,7,4,1425.7831,0,0.0000,0.0049,0.0095,0
673,1378805700,PABFD_Real,7,4,1425.7293,0,0.0000,0.0047,0.0067,0
674,1378806000,PABFD_Real,7,4,1425.7005,0,0.0000,0.0046,0.0070,0
675,1378806300,PABFD_Real,7,4,1426.0184,0,0.0000,0.0057,0.0110,0
676,1378806600,PABFD_Real,7,4,1425.7101,0,0.0000,0.0046,0.0085,0
677,1378806900,PABFD_Real,7,4,1425.5660,0,0.0000,0.0041,0.0067,0
678,1378807200,PABFD_Real,7,4,1425.5977,0,0.0000,0.0042,0.0069,0
679,1378807500,PABFD_Real,7,4,1425.5872,0,0.0000,0.0042,0.0066,0
680,1378807800,PABFD_Real,7,4,1425.6969,0,0.0000,0.0046,0.0073,0
681,1378808100,PABFD_Real,7,4,1425.7226,0,0.0000,0.0047,0.0072,0
682,1378808400,PABFD_Real,7,4,1425.6160,0,0.0000,0.0043,0.0072,0
683,1378808700,PABFD_Real,7,4,1425.5660,0,0.0000,0.0041,0.0067,0
684,1378809000,PABFD_Real,7,4,1425.6150,0,0.0000,0.0043,0.0068,0
685,1378809300,PABFD_Real,7,4,1425.6256,0,0.0000,0.0043,0.0070,0
686,1378809600,PABFD_Real,7,4,1425.6160,0,0.0000,0.0043,0.0069,0
687,1378809900,PABFD_Real,7,4,1425.8705,0,0.0000,0.0052,0.0087,0
688,1378810200,PABFD_Real,7,4,1425.6083,0,0.0000,0.0043,0.0069,0
689,1378810500,PABFD_Real,7,4,1425.6794,0,0.0000,0.0045,0.0082,0
690,1378810800,PABFD_Real,7,4,1425.6083,0,0.0000,0.0043,0.0068,0
691,1378811100,PABFD_Real,7,4,1425.6333,0,0.0000,0.0044,0.0072,0
692,1378811400,PABFD_Real,7,4,1425.6256,0,0.0000,0.0043,0.0071,0
693,1378811700,PABFD_Real,7,4,1425.5872,0,0.0000,0.0042,0.0066,0
694,1378812000,PABFD_Real,7,4,1425.5872,0,0.0000,0.0042,0.0066,0
695,1378812300,PABFD_Real,7,4,1425.5910,1,0.1429,0.0042,0.0067,0
696,1378812600,PABFD_Real,7,4,1425.6102,0,0.0000,0.0043,0.0068,0
697,1378812900,PABFD_Real,7,4,1425.5747,0,0.0000,0.0042,0.0066,0
698,1378813200,PABFD_Real,7,4,1425.6006,0,0.0000,0.0042,0.0070,0
699,1378813500,PABFD_Real,7,4,1426.0444,0,0.0000,0.0058,0.0107,0
700,1378813800,PABFD_Real,7,4,1425.6851,0,0.0000,0.0045,0.0077,0
701,1378814100,PABFD_Real,7,4,1425.6006,0,0.0000,0.0042,0.0070,0
702,1378814400,PABFD_Real,7,4,1425.6179,0,0.0000,0.0043,0.0069,0
703,1378814700,PABFD_Real,7,4,1425.5680,0,0.0000,0.0041,0.0066,0
704,1378815000,PABFD_Real,7,4,1425.6179,0,0.0000,0.0043,0.0070,0
705,1378815300,PABFD_Real,7,4,1425.5756,0,0.0000,0.0042,0.0067,0
706,1378815600,PABFD_Real,7,4,1425.5968,0,0.0000,0.0042,0.0067,0
707,1378815900,PABFD_Real,7,4,1427.9274,0,0.0000,0.0125,0.0363,0
708,1378816200,PABFD_Real,7,4,1426.2643,0,0.0000,0.0066,0.0124,0
709,1378816500,PABFD_Real,7,4,1425.5564,0,0.0000,0.0041,0.0065,0
710,1378816800,PABFD_Real,7,4,1425.6256,0,0.0000,0.0043,0.0073,0
711,1378817100,PABFD_Real,7,4,1426.4675,0,0.0000,0.0073,0.0116,0
712,1378817400,PABFD_Real,7,4,1426.5558,0,0.0000,0.0076,0.0164,0
713,1378817700,PABFD_Real,7,4,1425.8398,0,0.0000,0.0051,0.0068,0
714,1378818000,PABFD_Real,7,4,1425.5814,0,0.0000,0.0042,0.0065,0
715,1378818300,PABFD_Real,7,4,1425.5680,0,0.0000,0.0041,0.0066,0
716,1378818600,PABFD_Real,7,4,1425.7303,0,0.0000,0.0047,0.0073,0
717,1378818900,PABFD_Real,7,4,1425.5680,0,0.0000,0.0041,0.0067,0
718,1378819200,PABFD_Real,7,4,1426.3805,0,0.0000,0.0070,0.0140,0
719,1378819500,PABFD_Real,7,4,1426.3997,0,0.0000,0.0071,0.0147,0
720,1378819800,PABFD_Real,7,4,1425.8772,0,0.0000,0.0052,0.0068,0
721,1378820100,PABFD_Real,7,4,1426.0146,0,0.0000,0.0057,0.0090,0
722,1378820400,PABFD_Real,7,4,1426.2941,0,0.0000,0.0067,0.0126,0
723,1378820700,PABFD_Real,7,4,1426.4055,0,0.0000,0.0071,0.0114,0
724,1378821000,PABFD_Real,7,4,1426.0098,0,0.0000,0.0057,0.0087,0
725,1378821300,PABFD_Real,7,4,1425.7197,0,0.0000,0.0047,0.0067,0
726,1378821600,PABFD_Real,7,4,1425.7677,0,0.0000,0.0048,0.0069,0
727,1378821900,PABFD_Real,7,4,1425.7188,0,0.0000,0.0047,0.0066,0
728,1378822200,PABFD_Real,7,4,1425.6967,0,0.0000,0.0046,0.0069,0
729,1378822500,PABFD_Real,7,4,1425.6717,0,0.0000,0.0045,0.0070,0
730,1378822800,PABFD_Real,7,4,1425.6736,0,0.0000,0.0045,0.0067,0
731,1378823100,PABFD_Real,7,4,1425.7408,0,0.0000,0.0047,0.0067,0
732,1378823400,PABFD_Real,7,4,1425.7245,0,0.0000,0.0047,0.0068,0
733,1378823700,PABFD_Real,7,4,1425.6582,0,0.0000,0.0044,0.0065,0
734,1378824000,PABFD_Real,7,4,1425.6765,0,0.0000,0.0045,0.0069,0
735,1378824300,PABFD_Real,7,4,1425.9714,0,0.0000,0.0056,0.0089,0
736,1378824600,PABFD_Real,7,4,1425.9618,0,0.0000,0.0055,0.0108,0
737,1378824900,PABFD_Real,7,4,1425.9233,0,0.0000,0.0054,0.0105,0
738,1378825200,PABFD_Real,7,4,1426.0300,0,0.0000,0.0058,0.0118,0
739,1378825500,PABFD_Real,7,4,1425.8148,0,0.0000,0.0050,0.0088,0
740,1378825800,PABFD_Real,7,4,1425.8638,0,0.0000,0.0052,0.0094,0
741,1378826100,PABFD_Real,7,4,1425.8350,0,0.0000,0.0051,0.0091,0
742,1378826400,PABFD_Real,7,4,1425.8350,0,0.0000,0.0051,0.0090,0
743,1378826700,PABFD_Real,7,4,1425.8830,0,0.0000,0.0052,0.0093,0
744,1378827000,PABFD_Real,7,4,1425.8619,0,0.0000,0.0052,0.0092,0
745,1378827300,PABFD_Real,7,4,1425.9973,0,0.0000,0.0056,0.0113,0
746,1378827600,PABFD_Real,7,4,1425.9637,0,0.0000,0.0055,0.0108,0
747,1378827900,PABFD_Real,7,4,1426.0933,0,0.0000,0.0060,0.0108,0
748,1378828200,PABFD_Real,7,4,1425.8254,0,0.0000,0.0050,0.0088,0
749,1378828500,PABFD_Real,7,4,1425.8177,0,0.0000,0.0050,0.0088,0
750,1378828800,PABFD_Real,7,4,1425.8283,0,0.0000,0.0051,0.0090,0
751,1378829100,PABFD_Real,7,4,1425.8014,0,0.0000,0.0050,0.0087,0
752,1378829400,PABFD_Real,7,4,1425.8427,0,0.0000,0.0051,0.0092,0
753,1378829700,PABFD_Real,7,4,1425.8042,0,0.0000,0.0050,0.0087,0
754,1378830000,PABFD_Real,7,4,1425.8273,0,0.0000,0.0050,0.0089,0
755,1378830300,PABFD_Real,7,4,1425.9512,0,0.0000,0.0055,0.0109,0
756,1378830600,PABFD_Real,7,4,1425.8503,0,0.0000,0.0051,0.0089,0
757,1378830900,PABFD_Real,7,4,1425.8686,0,0.0000,0.0052,0.0096,0
758,1378831200,PABFD_Real,7,4,1425.8600,0,0.0000,0.0052,0.0092,0
759,1378831500,PABFD_Real,7,4,1426.0645,0,0.0000,0.0059,0.0106,0
760,1378831800,PABFD_Real,7,4,1425.8177,0,0.0000,0.0050,0.0089,0
761,1378832100,PABFD_Real,7,4,1425.8215,0,0.0000,0.0050,0.0090,0
762,1378832400,PABFD_Real,7,4,1425.8561,0,0.0000,0.0051,0.0092,0
763,1378832700,PABFD_Real,7,4,1425.8167,0,0.0000,0.0050,0.0089,0
764,1378833000,PABFD_Real,7,4,1425.8407,0,0.0000,0.0051,0.0092,0
765,1378833300,PABFD_Real,7,4,1425.8090,0,0.0000,0.0050,0.0087,0
766,1378833600,PABFD_Real,7,4,1425.8100,0,0.0000,0.0050,0.0089,0
767,1378833900,PABFD_Real,7,4,1425.8350,0,0.0000,0.0051,0.0091,0
768,1378834200,PABFD_Real,7,4,1425.8782,0,0.0000,0.0052,0.0090,0
769,1378834500,PABFD_Real,7,4,1425.8167,0,0.0000,0.0050,0.0086,0
770,1378834800,PABFD_Real,7,4,1426.1491,0,0.0000,0.0062,0.0099,0
771,1378835100,PABFD_Real,7,4,1426.1068,0,0.0000,0.0060,0.0094,0
772,1378835400,PABFD_Real,7,4,1425.7543,0,0.0000,0.0048,0.0081,0
773,1378835700,PABFD_Real,7,4,1425.7620,0,0.0000,0.0048,0.0081,0
774,1378836000,PABFD_Real,7,4,1425.7918,0,0.0000,0.0049,0.0082,0
775,1378836300,PABFD_Real,7,4,1425.7687,0,0.0000,0.0048,0.0082,0
776,1378836600,PABFD_Real,7,4,1425.7812,0,0.0000,0.0049,0.0085,0
777,1378836900,PABFD_Real,7,4,1425.7581,0,0.0000,0.0048,0.0080,0
778,1378837200,PABFD_Real,7,4,1425.7649,0,0.0000,0.0048,0.0083,0
779,1378837500,PABFD_Real,7,4,1425.7677,0,0.0000,0.0048,0.0082,0
780,1378837800,PABFD_Real,7,4,1425.7581,0,0.0000,0.0048,0.0081,0
781,1378838100,PABFD_Real,7,4,1425.7553,0,0.0000,0.0048,0.0079,0
782,1378838400,PABFD_Real,7,4,1425.7773,0,0.0000,0.0049,0.0085,0
783,1378838700,PABFD_Real,7,4,1426.0655,0,0.0000,0.0059,0.0096,0
784,1378839000,PABFD_Real,7,4,1425.7543,0,0.0000,0.0048,0.0082,0
785,1378839300,PABFD_Real,7,4,1425.7716,0,0.0000,0.0049,0.0082,0
786,1378839600,PABFD_Real,7,4,1425.7697,0,0.0000,0.0048,0.0083,0
787,1378839900,PABFD_Real,7,4,1425.7380,0,0.0000,0.0047,0.0075,0
788,1378840200,PABFD_Real,7,4,1425.9349,0,0.0000,0.0054,0.0090,0
789,1378840500,PABFD_Real,7,4,1426.0434,0,0.0000,0.0058,0.0110,0
790,1378840800,PABFD_Real,7,4,1425.8225,0,0.0000,0.0050,0.0079,0
791,1378841100,PABFD_Real,7,4,1425.6544,0,0.0000,0.0044,0.0065,0
792,1378841400,PABFD_Real,7,4,1425.7495,0,0.0000,0.0048,0.0067,0
793,1378841700,PABFD_Real,7,4,1425.7077,0,0.0000,0.0046,0.0065,0
794,1378842000,PABFD_Real,7,4,1425.6525,0,0.0000,0.0044,0.0067,0
795,1378842300,PABFD_Real,7,4,1425.9195,0,0.0000,0.0054,0.0077,0
796,1378842600,PABFD_Real,7,4,1425.6333,0,0.0000,0.0044,0.0064,0
797,1378842900,PABFD_Real,7,4,1425.6582,0,0.0000,0.0044,0.0065,0
798,1378843200,PABFD_Real,7,4,1425.6429,0,0.0000,0.0044,0.0066,0
799,1378843500,PABFD_Real,7,4,1425.6381,0,0.0000,0.0044,0.0062,0
800,1378843800,PABFD_Real,7,4,1425.6582,0,0.0000,0.0044,0.0068,0
801,1378844100,PABFD_Real,7,4,1425.6429,0,0.0000,0.0044,0.0063,0
802,1378844400,PABFD_Real,7,4,1425.6294,0,0.0000,0.0043,0.0064,0
803,1378844700,PABFD_Real,7,4,1425.6486,0,0.0000,0.0044,0.0066,0
804,1378845000,PABFD_Real,7,4,1425.6429,0,0.0000,0.0044,0.0064,0
805,1378845300,PABFD_Real,7,4,1425.6477,0,0.0000,0.0044,0.0064,0
806,1378845600,PABFD_Real,7,4,1425.6506,0,0.0000,0.0044,0.0067,0
807,1378845900,PABFD_Real,7,4,1425.9099,0,0.0000,0.0053,0.0079,0
808,1378846200,PABFD_Real,7,4,1425.6294,0,0.0000,0.0043,0.0064,0
809,1378846500,PABFD_Real,7,4,1425.6496,0,0.0000,0.0044,0.0065,0
810,1378846800,PABFD_Real,7,4,1425.6717,0,0.0000,0.0045,0.0066,0
811,1378847100,PABFD_Real,7,4,1425.6544,0,0.0000,0.0044,0.0064,0
812,1378847400,PABFD_Real,7,4,1425.6621,0,0.0000,0.0045,0.0068,0
813,1378847700,PABFD_Real,7,4,1425.6179,0,0.0000,0.0043,0.0062,0
814,1378848000,PABFD_Real,7,4,1426.4459,0,0.0000,0.0072,0.0148,0
815,1378848300,PABFD_Real,7,4,1425.6630,0,0.0000,0.0045,0.0065,0
816,1378848600,PABFD_Real,7,4,1426.0290,0,0.0000,0.0058,0.0108,0
817,1378848900,PABFD_Real,7,4,1425.8196,0,0.0000,0.0050,0.0078,0
818,1378849200,PABFD_Real,7,4,1425.6659,0,0.0000,0.0045,0.0068,0
819,1378849500,PABFD_Real,7,4,1425.9992,0,0.0000,0.0057,0.0093,0
820,1378849800,PABFD_Real,7,4,1425.6582,0,0.0000,0.0044,0.0065,0
821,1378850100,PABFD_Real,7,4,1425.6582,0,0.0000,0.0044,0.0065,0
822,1378850400,PABFD_Real,7,4,1425.6544,0,0.0000,0.0044,0.0066,0
823,1378850700,PABFD_Real,7,4,1425.6496,0,0.0000,0.0044,0.0065,0
824,1378851000,PABFD_Real,7,4,1425.7620,0,0.0000,0.0048,0.0083,0
825,1378851300,PABFD_Real,7,4,1425.6352,0,0.0000,0.0044,0.0063,0
826,1378851600,PABFD_Real,7,4,1425.7312,0,0.0000,0.0047,0.0071,0
827,1378851900,PABFD_Real,7,4,1425.7745,0,0.0000,0.0049,0.0083,0
828,1378852200,PABFD_Real,7,4,1426.5016,0,0.0000,0.0074,0.0163,0
829,1378852500,PABFD_Real,7,4,1425.6573,0,0.0000,0.0044,0.0065,0
830,1378852800,PABFD_Real,7,4,1425.7447,0,0.0000,0.0048,0.0077,0
831,1378853100,PABFD_Real,7,4,1425.8993,0,0.0000,0.0053,0.0080,0
832,1378853400,PABFD_Real,7,4,1425.6448,0,0.0000,0.0044,0.0066,0
833,1378853700,PABFD_Real,7,4,1425.6563,0,0.0000,0.0044,0.0065,0
834,1378854000,PABFD_Real,7,4,1425.6352,0,0.0000,0.0044,0.0065,0
835,1378854300,PABFD_Real,7,4,1425.6381,0,0.0000,0.0044,0.0065,0
836,1378854600,PABFD_Real,7,4,1425.6256,0,0.0000,0.0043,0.0068,0
837,1378854900,PABFD_Real,7,4,1425.6054,0,0.0000,0.0043,0.0062,0
838,1378855200,PABFD_Real,7,4,1425.6102,0,0.0000,0.0043,0.0064,0
839,1378855500,PABFD_Real,7,4,1425.6304,1,0.1429,0.0044,0.0066,0
840,1378855800,PABFD_Real,7,4,1425.6333,1,0.1429,0.0044,0.0064,0
841,1378856100,PABFD_Real,7,4,1425.6419,1,0.1429,0.0044,0.0063,0
842,1378856400,PABFD_Real,7,4,1425.6443,1,0.1429,0.0044,0.0067,0
843,1378856700,PABFD_Real,7,4,1425.8936,1,0.1429,0.0053,0.0077,0
844,1378857000,PABFD_Real,7,4,1425.6794,1,0.1429,0.0045,0.0064,0
845,1378857300,PABFD_Real,7,4,1425.6947,1,0.1429,0.0046,0.0067,0
846,1378857600,PABFD_Real,7,4,1426.2000,1,0.1429,0.0064,0.0100,0
847,1378857900,PABFD_Real,7,4,1425.6487,1,0.1429,0.0044,0.0064,0
848,1378858200,PABFD_Real,7,4,1425.6486,1,0.1429,0.0044,0.0067,0
849,1378858500,PABFD_Real,7,4,1425.9618,1,0.1429,0.0055,0.0085,0
850,1378858800,PABFD_Real,7,4,1425.6467,1,0.1429,0.0044,0.0064,0
851,1378859100,PABFD_Real,7,4,1429.6232,1,0.1429,0.0185,0.0602,0
852,1378859400,PABFD_Real,7,4,1429.8575,1,0.1429,0.0193,0.0637,0
853,1378859700,PABFD_Real,7,4,1429.6612,0,0.0000,0.0186,0.0608,0
854,1378860000,PABFD_Real,7,4,1426.0031,0,0.0000,0.0057,0.0095,0
855,1378860300,PABFD_Real,7,4,1426.2912,0,0.0000,0.0067,0.0130,0
856,1378860600,PABFD_Real,7,4,1426.1856,0,0.0000,0.0063,0.0132,0
857,1378860900,PABFD_Real,7,4,1425.9454,0,0.0000,0.0055,0.0097,0
858,1378861200,PABFD_Real,7,4,1425.6486,0,0.0000,0.0044,0.0065,0
859,1378861500,PABFD_Real,7,4,1425.6544,0,0.0000,0.0044,0.0065,0
860,1378861800,PABFD_Real,7,4,1425.6467,0,0.0000,0.0044,0.0066,0
861,1378862100,PABFD_Real,7,4,1425.7044,0,0.0000,0.0046,0.0064,0
862,1378862400,PABFD_Real,7,4,1425.6064,0,0.0000,0.0043,0.0062,0
863,1378862700,PABFD_Real,7,4,1425.6573,0,0.0000,0.0044,0.0066,0
864,1378863000,PABFD_Real,7,4,1425.6563,0,0.0000,0.0044,0.0064,0
865,1378863300,PABFD_Real,7,4,1425.6621,0,0.0000,0.0045,0.0064,0
866,1378863600,PABFD_Real,7,4,1425.6544,0,0.0000,0.0044,0.0067,0
867,1378863900,PABFD_Real,7,4,1426.0732,0,0.0000,0.0059,0.0095,0
868,1378864200,PABFD_Real,7,4,1425.8110,0,0.0000,0.0050,0.0073,0
869,1378864500,PABFD_Real,7,4,1425.6630,0,0.0000,0.0045,0.0067,0
870,1378864800,PABFD_Real,7,4,1425.6755,0,0.0000,0.0045,0.0066,0
871,1378865100,PABFD_Real,7,4,1425.6506,0,0.0000,0.0044,0.0065,0
872,1378865400,PABFD_Real,7,4,1425.6486,0,0.0000,0.0044,0.0067,0
873,1378865700,PABFD_Real,7,4,1425.6534,0,0.0000,0.0044,0.0065,0
874,1378866000,PABFD_Real,7,4,1425.8348,0,0.0000,0.0051,0.0077,0
875,1378866300,PABFD_Real,7,4,1425.6544,0,0.0000,0.0044,0.0066,0
876,1378866600,PABFD_Real,7,4,1425.6256,0,0.0000,0.0043,0.0064,0
877,1378866900,PABFD_Real,7,4,1425.7009,0,0.0000,0.0046,0.0066,0
878,1378867200,PABFD_Real,7,4,1425.6506,0,0.0000,0.0044,0.0067,0
879,1378867500,PABFD_Real,7,4,1425.9109,0,0.0000,0.0053,0.0080,0
880,1378867800,PABFD_Real,7,4,1425.6237,0,0.0000,0.0043,0.0063,0
881,1378868100,PABFD_Real,7,4,1425.6621,0,0.0000,0.0045,0.0066,0
882,1378868400,PABFD_Real,7,4,1425.7735,0,0.0000,0.0049,0.0082,0
883,1378868700,PABFD_Real,7,4,1425.6544,0,0.0000,0.0044,0.0065,0
884,1378869000,PABFD_Real,7,4,1425.6486,0,0.0000,0.0044,0.0067,0
885,1378869300,PABFD_Real,7,4,1425.6429,0,0.0000,0.0044,0.0064,0
886,1378869600,PABFD_Real,7,4,1425.6198,0,0.0000,0.0043,0.0062,0
887,1378869900,PABFD_Real,7,4,1425.6679,0,0.0000,0.0045,0.0067,0
888,1378870200,PABFD_Real,7,4,1425.6333,0,0.0000,0.0044,0.0064,0
889,1378870500,PABFD_Real,7,4,1425.6611,0,0.0000,0.0045,0.0065,0
890,1378870800,PABFD_Real,7,4,1425.6563,0,0.0000,0.0044,0.0068,0
891,1378871100,PABFD_Real,7,4,1425.9935,0,0.0000,0.0056,0.0090,0
892,1378871400,PABFD_Real,7,4,1425.6294,0,0.0000,0.0043,0.0064,0
893,1378871700,PABFD_Real,7,4,1425.6832,0,0.0000,0.0045,0.0069,0
894,1378872000,PABFD_Real,7,4,1425.6972,0,0.0000,0.0046,0.0071,0
895,1378872300,PABFD_Real,7,4,1425.7351,0,0.0000,0.0047,0.0076,0
896,1378872600,PABFD_Real,7,4,1425.6525,0,0.0000,0.0044,0.0067,0
897,1378872900,PABFD_Real,7,4,1425.6467,0,0.0000,0.0044,0.0065,0
898,1378873200,PABFD_Real,7,4,1425.6198,0,0.0000,0.0043,0.0062,0
899,1378873500,PABFD_Real,7,4,1425.6703,0,0.0000,0.0045,0.0067,0
900,1378873800,PABFD_Real,7,4,1425.6429,0,0.0000,0.0044,0.0063,0
901,1378874100,PABFD_Real,7,4,1425.6727,0,0.0000,0.0045,0.0067,0
902,1378874400,PABFD_Real,7,4,1425.6679,0,0.0000,0.0045,0.0066,0
903,1378874700,PABFD_Real,7,4,1425.8859,0,0.0000,0.0053,0.0080,0
904,1378875000,PABFD_Real,7,4,1425.6141,0,0.0000,0.0043,0.0062,0
905,1378875300,PABFD_Real,7,4,1425.6534,0,0.0000,0.0044,0.0066,0
906,1378875600,PABFD_Real,7,4,1425.6650,0,0.0000,0.0045,0.0064,0
907,1378875900,PABFD_Real,7,4,1425.7428,0,0.0000,0.0047,0.0068,0
908,1378876200,PABFD_Real,7,4,1425.6467,0,0.0000,0.0044,0.0066,0
909,1378876500,PABFD_Real,7,4,1425.6486,0,0.0000,0.0044,0.0064,0
910,1378876800,PABFD_Real,7,4,1426.3786,0,0.0000,0.0070,0.0148,0
911,1378877100,PABFD_Real,7,4,1425.6679,0,0.0000,0.0045,0.0067,0
912,1378877400,PABFD_Real,7,4,1425.6496,0,0.0000,0.0044,0.0063,0
913,1378877700,PABFD_Real,7,4,1425.8206,0,0.0000,0.0050,0.0074,0
914,1378878000,PABFD_Real,7,4,1425.6576,0,0.0000,0.0044,0.0065,0
915,1378878300,PABFD_Real,7,4,1426.0569,0,0.0000,0.0059,0.0101,0
916,1378878600,PABFD_Real,7,4,1425.6160,0,0.0000,0.0043,0.0062,0
917,1378878900,PABFD_Real,7,4,1425.6736,0,0.0000,0.0045,0.0067,0
918,1378879200,PABFD_Real,7,4,1425.6438,0,0.0000,0.0044,0.0064,0
919,1378879500,PABFD_Real,7,4,1425.6650,0,0.0000,0.0045,0.0066,0
920,1378879800,PABFD_Real,7,4,1425.6486,0,0.0000,0.0044,0.0067,0
921,1378880100,PABFD_Real,7,4,1425.6563,0,0.0000,0.0044,0.0065,0
922,1378880400,PABFD_Real,7,4,1425.9310,0,0.0000,0.0054,0.0096,0
923,1378880700,PABFD_Real,7,4,1425.7505,0,0.0000,0.0048,0.0068,0
924,1378881000,PABFD_Real,7,4,1425.6390,0,0.0000,0.0044,0.0064,0
925,1378881300,PABFD_Real,7,4,1425.6573,0,0.0000,0.0044,0.0065,0
926,1378881600,PABFD_Real,7,4,1425.6390,0,0.0000,0.0044,0.0066,0
927,1378881900,PABFD_Real,7,4,1426.1875,0,0.0000,0.0063,0.0110,0
928,1378882200,PABFD_Real,7,4,1425.9233,0,0.0000,0.0054,0.0075,0
929,1378882500,PABFD_Real,7,4,1426.1284,0,0.0000,0.0061,0.0100,0
930,1378882800,PABFD_Real,7,4,1426.0319,0,0.0000,0.0058,0.0082,0
931,1378883100,PABFD_Real,7,4,1426.2975,0,0.0000,0.0067,0.0121,0
932,1378883400,PABFD_Real,7,4,1425.9219,0,0.0000,0.0054,0.0078,0
933,1378883700,PABFD_Real,7,4,1425.6544,0,0.0000,0.0044,0.0065,0
934,1378884000,PABFD_Real,7,4,1425.6352,0,0.0000,0.0044,0.0063,0
935,1378884300,PABFD_Real,7,4,1425.6602,0,0.0000,0.0045,0.0066,0
936,1378884600,PABFD_Real,7,4,1425.5641,0,0.0000,0.0041,0.0063,0
937,1378884900,PABFD_Real,7,4,1425.5824,0,0.0000,0.0042,0.0063,0
938,1378885200,PABFD_Real,7,4,1425.6314,0,0.0000,0.0044,0.0066,0
939,1378885500,PABFD_Real,7,4,1426.0953,0,0.0000,0.0060,0.0097,0
940,1378885800,PABFD_Real,7,4,1425.7312,0,0.0000,0.0047,0.0078,0
941,1378886100,PABFD_Real,7,4,1425.8513,0,0.0000,0.0051,0.0081,0
942,1378886400,PABFD_Real,7,4,1425.6698,0,0.0000,0.0045,0.0066,0
943,1378886700,PABFD_Real,7,4,1425.6890,0,0.0000,0.0046,0.0069,0
944,1378887000,PABFD_Real,7,4,1425.6698,0,0.0000,0.0045,0.0070,0
945,1378887300,PABFD_Real,7,4,1425.6179,0,0.0000,0.0043,0.0065,0
946,1378887600,PABFD_Real,7,4,1425.7956,0,0.0000,0.0049,0.0076,0
947,1378887900,PABFD_Real,7,4,1425.6775,0,0.0000,0.0045,0.0067,0
948,1378888200,PABFD_Real,7,4,1425.7072,0,0.0000,0.0046,0.0065,0
949,1378888500,PABFD_Real,7,4,1425.7428,0,0.0000,0.0047,0.0073,0
950,1378888800,PABFD_Real,7,4,1425.6390,0,0.0000,0.0044,0.0066,0
951,1378889100,PABFD_Real,7,4,1426.2201,0,0.0000,0.0064,0.0110,0
952,1378889400,PABFD_Real,7,4,1425.6582,0,0.0000,0.0044,0.0068,0
953,1378889700,PABFD_Real,7,4,1425.6333,0,0.0000,0.0044,0.0067,0
954,1378890000,PABFD_Real,7,4,1425.6390,0,0.0000,0.0044,0.0065,0
955,1378890300,PABFD_Real,7,4,1425.9637,0,0.0000,0.0055,0.0081,0
956,1378890600,PABFD_Real,7,4,1425.6467,0,0.0000,0.0044,0.0066,0
957,1378890900,PABFD_Real,7,4,1425.7514,0,0.0000,0.0048,0.0071,0
958,1378891200,PABFD_Real,7,4,1426.1803,0,0.0000,0.0063,0.0094,0
959,1378891500,PABFD_Real,7,4,1426.1827,0,0.0000,0.0063,0.0102,0
960,1378891800,PABFD_Real,7,4,1426.2192,0,0.0000,0.0064,0.0095,0
961,1378892100,PABFD_Real,7,4,1426.0933,0,0.0000,0.0060,0.0082,0
962,1378892400,PABFD_Real,7,4,1425.6602,0,0.0000,0.0045,0.0068,0
963,1378892700,PABFD_Real,7,4,1426.1491,0,0.0000,0.0062,0.0098,0
964,1378893000,PABFD_Real,7,4,1425.5901,0,0.0000,0.0042,0.0066,0
965,1378893300,PABFD_Real,7,4,1425.6390,0,0.0000,0.0044,0.0067,0
966,1378893600,PABFD_Real,7,4,1425.6198,0,0.0000,0.0043,0.0065,0
967,1378893900,PABFD_Real,7,4,1425.8379,0,0.0000,0.0051,0.0068,0
968,1378894200,PABFD_Real,7,4,1425.6275,1,0.1429,0.0043,0.0066,0
969,1378894500,PABFD_Real,7,4,1425.6237,1,0.1429,0.0043,0.0065,0
970,1378894800,PABFD_Real,7,4,1425.6179,0,0.0000,0.0043,0.0062,0
971,1378895100,PABFD_Real,7,4,1425.6736,0,0.0000,0.0045,0.0068,0
972,1378895400,PABFD_Real,7,4,1425.6410,0,0.0000,0.0044,0.0064,0
973,1378895700,PABFD_Real,7,4,1425.6506,0,0.0000,0.0044,0.0064,0
974,1378896000,PABFD_Real,7,4,1425.6314,0,0.0000,0.0044,0.0066,0
975,1378896300,PABFD_Real,7,4,1425.9137,0,0.0000,0.0054,0.0081,0
976,1378896600,PABFD_Real,7,4,1425.7351,0,0.0000,0.0047,0.0071,0
977,1378896900,PABFD_Real,7,4,1425.8700,0,0.0000,0.0052,0.0074,0
978,1378897200,PABFD_Real,7,4,1425.9776,0,0.0000,0.0056,0.0083,0
979,1378897500,PABFD_Real,7,4,1426.3897,0,0.0000,0.0070,0.0142,0
980,1378897800,PABFD_Real,7,4,1428.1526,0,0.0000,0.0133,0.0380,0
981,1378898100,PABFD_Real,7,4,1428.2165,0,0.0000,0.0135,0.0401,0
982,1378898400,PABFD_Real,7,4,1428.2060,0,0.0000,0.0135,0.0402,0
983,1378898700,PABFD_Real,7,4,1428.2314,0,0.0000,0.0135,0.0400,0
984,1378899000,PABFD_Real,7,4,1428.1848,0,0.0000,0.0134,0.0396,0
985,1378899300,PABFD_Real,7,4,1428.2439,0,0.0000,0.0136,0.0405,0
986,1378899600,PABFD_Real,7,4,1428.2386,0,0.0000,0.0136,0.0405,0
987,1378899900,PABFD_Real,7,4,1428.5796,0,0.0000,0.0148,0.0406,0
988,1378900200,PABFD_Real,7,4,1427.5547,0,0.0000,0.0112,0.0310,0
989,1378900500,PABFD_Real,7,4,1425.6919,0,0.0000,0.0046,0.0067,0
990,1378900800,PABFD_Real,7,4,1425.7293,0,0.0000,0.0047,0.0066,0
991,1378901100,PABFD_Real,7,4,1425.8254,0,0.0000,0.0050,0.0081,0
992,1378901400,PABFD_Real,7,4,1425.9829,0,0.0000,0.0056,0.0100,0
993,1378901700,PABFD_Real,7,4,1425.6467,0,0.0000,0.0044,0.0065,0
994,1378902000,PABFD_Real,7,4,1425.6400,0,0.0000,0.0044,0.0064,0
995,1378902300,PABFD_Real,7,4,1425.6429,0,0.0000,0.0044,0.0067,0
996,1378902600,PABFD_Real,7,4,1425.5929,0,0.0000,0.0042,0.0064,0
997,1378902900,PABFD_Real,7,4,1425.6179,0,0.0000,0.0043,0.0065,0
