epoch,timestamp,vm_id,pm_id
1,1378604100,VM_001,PM_020
1,1378604100,VM_003,PM_020
1,1378604100,VM_011,PM_019
1,1378604100,VM_012,PM_019
1,1378604100,VM_013,PM_019
1,1378604100,VM_001,PM_020
1,1378604100,VM_003,PM_020
1,1378604100,VM_011,PM_019
1,1378604100,VM_012,PM_019
1,1378604100,VM_013,PM_019
1,1378604100,VM_001,PM_020
1,1378604100,VM_003,PM_020
1,1378604100,VM_011,PM_019
1,1378604100,VM_012,PM_019
1,1378604100,VM_013,PM_019
2,1378604400,VM_001,PM_018
2,1378604400,VM_003,PM_018
2,1378604400,VM_011,PM_019
2,1378604400,VM_012,PM_019
2,1378604400,VM_013,PM_019
3,1378604700,VM_001,PM_019
3,1378604700,VM_003,PM_017
3,1378604700,VM_011,PM_019
3,1378604700,VM_012,PM_017
3,1378604700,VM_013,PM_017
4,1378605000,VM_001,PM_019
4,1378605000,VM_003,PM_020
4,1378605000,VM_011,PM_019
4,1378605000,VM_012,PM_019
4,1378605000,VM_013,PM_019
1,1378604100,VM_001,PM_020
1,1378604100,VM_003,PM_020
1,1378604100,VM_011,PM_019
1,1378604100,VM_012,PM_019
1,1378604100,VM_013,PM_019
2,1378604400,VM_001,PM_018
2,1378604400,VM_003,PM_018
2,1378604400,VM_011,PM_019
2,1378604400,VM_012,PM_019
2,1378604400,VM_013,PM_019
3,1378604700,VM_001,PM_019
3,1378604700,VM_003,PM_017
3,1378604700,VM_011,PM_019
3,1378604700,VM_012,PM_017
3,1378604700,VM_013,PM_017
4,1378605000,VM_001,PM_019
4,1378605000,VM_003,PM_020
4,1378605000,VM_011,PM_019
4,1378605000,VM_012,PM_019
4,1378605000,VM_013,PM_019
5,1378605300,VM_001,PM_019
5,1378605300,VM_003,PM_020
5,1378605300,VM_011,PM_019
5,1378605300,VM_012,PM_020
5,1378605300,VM_013,PM_019
6,1378605600,VM_001,PM_019
6,1378605600,VM_003,PM_020
6,1378605600,VM_011,PM_019
6,1378605600,VM_012,PM_020
6,1378605600,VM_013,PM_020
1,1378604100,VM_001,PM_020
1,1378604100,VM_003,PM_020
1,1378604100,VM_011,PM_019
1,1378604100,VM_012,PM_019
1,1378604100,VM_013,PM_019
2,1378604400,VM_001,PM_018
2,1378604400,VM_003,PM_018
2,1378604400,VM_011,PM_019
2,1378604400,VM_012,PM_019
2,1378604400,VM_013,PM_019
3,1378604700,VM_001,PM_019
3,1378604700,VM_003,PM_017
3,1378604700,VM_011,PM_019
3,1378604700,VM_012,PM_017
3,1378604700,VM_013,PM_017
4,1378605000,VM_001,PM_019
4,1378605000,VM_003,PM_020
4,1378605000,VM_011,PM_019
4,1378605000,VM_012,PM_019
4,1378605000,VM_013,PM_019
5,1378605300,VM_001,PM_019
5,1378605300,VM_003,PM_020
5,1378605300,VM_011,PM_019
5,1378605300,VM_012,PM_020
5,1378605300,VM_013,PM_019
6,1378605600,VM_001,PM_019
6,1378605600,VM_003,PM_020
6,1378605600,VM_011,PM_019
6,1378605600,VM_012,PM_020
6,1378605600,VM_013,PM_020
7,1378605900,VM_001,PM_020
7,1378605900,VM_003,PM_020
7,1378605900,VM_011,PM_020
7,1378605900,VM_012,PM_020
7,1378605900,VM_013,PM_016
8,1378606200,VM_001,PM_020
8,1378606200,VM_003,PM_020
8,1378606200,VM_011,PM_020
8,1378606200,VM_012,PM_020
8,1378606200,VM_013,PM_014
9,1378606500,VM_001,PM_020
9,1378606500,VM_003,PM_020
9,1378606500,VM_011,PM_020
9,1378606500,VM_012,PM_020
9,1378606500,VM_013,PM_014
10,1378606800,VM_001,PM_020
10,1378606800,VM_003,PM_020
10,1378606800,VM_011,PM_020
10,1378606800,VM_012,PM_019
10,1378606800,VM_013,PM_014
11,1378607100,VM_001,PM_017
11,1378607100,VM_003,PM_020
11,1378607100,VM_011,PM_020
11,1378607100,VM_012,PM_020
11,1378607100,VM_013,PM_017
12,1378607400,VM_001,PM_017
12,1378607400,VM_003,PM_020
12,1378607400,VM_011,PM_020
12,1378607400,VM_012,PM_020
12,1378607400,VM_013,PM_020
13,1378607700,VM_001,PM_020
13,1378607700,VM_003,PM_020
13,1378607700,VM_011,PM_020
13,1378607700,VM_012,PM_020
13,1378607700,VM_013,PM_020
14,1378608000,VM_001,PM_020
14,1378608000,VM_003,PM_020
14,1378608000,VM_011,PM_020
14,1378608000,VM_012,PM_020
14,1378608000,VM_013,PM_018
15,1378608300,VM_001,PM_020
15,1378608300,VM_003,PM_012
15,1378608300,VM_011,PM_020
15,1378608300,VM_012,PM_020
15,1378608300,VM_013,PM_020
16,1378608600,VM_001,PM_020
16,1378608600,VM_003,PM_019
16,1378608600,VM_011,PM_020
16,1378608600,VM_012,PM_020
16,1378608600,VM_013,PM_020
17,1378608900,VM_001,PM_020
17,1378608900,VM_003,PM_020
17,1378608900,VM_011,PM_015
17,1378608900,VM_012,PM_020
17,1378608900,VM_013,PM_015
18,1378609200,VM_001,PM_020
18,1378609200,VM_003,PM_020
18,1378609200,VM_011,PM_014
18,1378609200,VM_012,PM_020
18,1378609200,VM_013,PM_020
19,1378609500,VM_001,PM_020
19,1378609500,VM_003,PM_020
19,1378609500,VM_011,PM_017
19,1378609500,VM_012,PM_020
19,1378609500,VM_013,PM_020
20,1378609800,VM_001,PM_020
20,1378609800,VM_003,PM_020
20,1378609800,VM_011,PM_019
20,1378609800,VM_012,PM_020
20,1378609800,VM_013,PM_020
21,1378610100,VM_001,PM_019
21,1378610100,VM_003,PM_020
21,1378610100,VM_011,PM_019
21,1378610100,VM_012,PM_020
21,1378610100,VM_013,PM_020
22,1378610400,VM_001,PM_019
22,1378610400,VM_003,PM_017
22,1378610400,VM_011,PM_019
22,1378610400,VM_012,PM_017
22,1378610400,VM_013,PM_019
23,1378610700,VM_001,PM_018
23,1378610700,VM_003,PM_018
23,1378610700,VM_011,PM_018
23,1378610700,VM_012,PM_017
23,1378610700,VM_013,PM_018
24,1378611000,VM_001,PM_018
24,1378611000,VM_003,PM_018
24,1378611000,VM_011,PM_018
24,1378611000,VM_012,PM_017
24,1378611000,VM_013,PM_018
25,1378611300,VM_001,PM_017
25,1378611300,VM_003,PM_018
25,1378611300,VM_011,PM_018
25,1378611300,VM_012,PM_017
25,1378611300,VM_013,PM_018
26,1378611600,VM_001,PM_018
26,1378611600,VM_003,PM_018
26,1378611600,VM_011,PM_018
26,1378611600,VM_012,PM_017
26,1378611600,VM_013,PM_018
27,1378611900,VM_001,PM_018
27,1378611900,VM_003,PM_018
27,1378611900,VM_011,PM_018
27,1378611900,VM_012,PM_018
27,1378611900,VM_013,PM_018
28,1378612200,VM_001,PM_020
28,1378612200,VM_003,PM_020
28,1378612200,VM_011,PM_018
28,1378612200,VM_012,PM_018
28,1378612200,VM_013,PM_018
29,1378612500,VM_001,PM_018
29,1378612500,VM_003,PM_020
29,1378612500,VM_011,PM_018
29,1378612500,VM_012,PM_018
29,1378612500,VM_013,PM_018
30,1378612800,VM_001,PM_018
30,1378612800,VM_003,PM_020
30,1378612800,VM_011,PM_018
30,1378612800,VM_012,PM_018
30,1378612800,VM_013,PM_020
31,1378613100,VM_001,PM_018
31,1378613100,VM_003,PM_020
31,1378613100,VM_011,PM_018
31,1378613100,VM_012,PM_018
31,1378613100,VM_013,PM_018
32,1378613400,VM_001,PM_018
32,1378613400,VM_003,PM_019
32,1378613400,VM_011,PM_018
32,1378613400,VM_012,PM_018
32,1378613400,VM_013,PM_018
33,1378613700,VM_001,PM_017
33,1378613700,VM_003,PM_019
33,1378613700,VM_011,PM_018
33,1378613700,VM_012,PM_019
33,1378613700,VM_013,PM_018
33,1378613700,VM_023,PM_011
33,1378613700,VM_025,PM_011
34,1378614000,VM_001,PM_017
34,1378614000,VM_003,PM_019
34,1378614000,VM_011,PM_018
34,1378614000,VM_012,PM_019
34,1378614000,VM_013,PM_018
34,1378614000,VM_023,PM_018
34,1378614000,VM_025,PM_017
35,1378614300,VM_001,PM_001
35,1378614300,VM_003,PM_019
35,1378614300,VM_011,PM_018
35,1378614300,VM_012,PM_018
35,1378614300,VM_013,PM_018
35,1378614300,VM_023,PM_018
35,1378614300,VM_025,PM_001
36,1378614600,VM_001,PM_020
36,1378614600,VM_003,PM_018
36,1378614600,VM_011,PM_020
36,1378614600,VM_012,PM_018
36,1378614600,VM_013,PM_018
36,1378614600,VM_023,PM_018
36,1378614600,VM_025,PM_020
37,1378614900,VM_001,PM_020
37,1378614900,VM_003,PM_018
37,1378614900,VM_011,PM_020
37,1378614900,VM_012,PM_018
37,1378614900,VM_013,PM_018
37,1378614900,VM_023,PM_016
37,1378614900,VM_025,PM_016
38,1378615200,VM_001,PM_020
38,1378615200,VM_003,PM_020
38,1378615200,VM_011,PM_020
38,1378615200,VM_012,PM_020
38,1378615200,VM_013,PM_016
38,1378615200,VM_023,PM_016
38,1378615200,VM_025,PM_020
39,1378615500,VM_001,PM_020
39,1378615500,VM_003,PM_020
39,1378615500,VM_011,PM_020
39,1378615500,VM_012,PM_020
39,1378615500,VM_013,PM_019
39,1378615500,VM_023,PM_019
39,1378615500,VM_025,PM_016
40,1378615800,VM_001,PM_020
40,1378615800,VM_003,PM_018
40,1378615800,VM_011,PM_020
40,1378615800,VM_012,PM_020
40,1378615800,VM_013,PM_019
40,1378615800,VM_023,PM_020
40,1378615800,VM_025,PM_020
41,1378616100,VM_001,PM_020
41,1378616100,VM_003,PM_018
41,1378616100,VM_011,PM_020
41,1378616100,VM_012,PM_018
41,1378616100,VM_013,PM_020
41,1378616100,VM_023,PM_020
41,1378616100,VM_025,PM_020
42,1378616400,VM_001,PM_018
42,1378616400,VM_003,PM_020
42,1378616400,VM_011,PM_018
42,1378616400,VM_012,PM_019
42,1378616400,VM_013,PM_020
42,1378616400,VM_023,PM_020
42,1378616400,VM_025,PM_020
43,1378616700,VM_001,PM_019
43,1378616700,VM_003,PM_020
43,1378616700,VM_011,PM_020
43,1378616700,VM_012,PM_018
43,1378616700,VM_013,PM_020
43,1378616700,VM_023,PM_018
43,1378616700,VM_025,PM_020
44,1378617000,VM_001,PM_019
44,1378617000,VM_003,PM_020
44,1378617000,VM_011,PM_020
44,1378617000,VM_012,PM_018
44,1378617000,VM_013,PM_005
44,1378617000,VM_023,PM_018
44,1378617000,VM_025,PM_020
45,1378617300,VM_001,PM_017
45,1378617300,VM_003,PM_018
45,1378617300,VM_011,PM_017
45,1378617300,VM_012,PM_017
45,1378617300,VM_013,PM_018
45,1378617300,VM_023,PM_018
45,1378617300,VM_025,PM_017
46,1378617600,VM_001,PM_017
46,1378617600,VM_003,PM_020
46,1378617600,VM_011,PM_018
46,1378617600,VM_012,PM_020
46,1378617600,VM_013,PM_018
46,1378617600,VM_023,PM_020
46,1378617600,VM_025,PM_017
47,1378617900,VM_001,PM_020
47,1378617900,VM_003,PM_020
47,1378617900,VM_011,PM_020
47,1378617900,VM_012,PM_020
47,1378617900,VM_013,PM_018
47,1378617900,VM_023,PM_012
47,1378617900,VM_025,PM_012
1,1378604100,VM_001,PM_020
1,1378604100,VM_003,PM_020
1,1378604100,VM_011,PM_019
1,1378604100,VM_012,PM_019
1,1378604100,VM_013,PM_019
2,1378604400,VM_001,PM_018
2,1378604400,VM_003,PM_018
2,1378604400,VM_011,PM_019
2,1378604400,VM_012,PM_019
2,1378604400,VM_013,PM_019
3,1378604700,VM_001,PM_019
3,1378604700,VM_003,PM_017
3,1378604700,VM_011,PM_019
3,1378604700,VM_012,PM_017
3,1378604700,VM_013,PM_017
4,1378605000,VM_001,PM_019
4,1378605000,VM_003,PM_020
4,1378605000,VM_011,PM_019
4,1378605000,VM_012,PM_019
4,1378605000,VM_013,PM_019
